Model	Transcription factor	Model length	Quality	Model rank	Consensus	Model release	Data source	Best auROC (human)	Best auROC (mouse)	Peak sets in benchmark (human)	Peak sets in benchmark (mouse)	Aligned words	TF family	TF subfamily	HGNC	EntrezGene	UniProt ID	UniProt AC
ANDR_HUMAN.H11DI.0.A	AR	23	A	0	dKnWCWbnvTGThCYbbnbhddd	HOCOMOCOv10	ChIP-Seq	0.9730694235385163	0.9916989845665717	461	57	498	Steroid hormone receptors (NR3){2.1.1}	GR-like receptors (NR3C){2.1.1.1}	644	367	ANDR_HUMAN	P10275
AP2A_HUMAN.H11DI.0.A	TFAP2A	15	A	0	nhdSCCYGRGGSndn	HOCOMOCOv11	ChIP-Seq	0.9605296970698267	0.9564987032935771	13	13	500	AP-2{1.3.1}	AP-2alpha{1.3.1.0.1}	11742	7020	AP2A_HUMAN	P05549
AP2C_HUMAN.H11DI.0.A	TFAP2C	17	A	0	nndSCCYGRGGShnndn	HOCOMOCOv11	ChIP-Seq	0.9636391899817504	0.9586032260898907	18	6	497	AP-2{1.3.1}	AP-2gamma{1.3.1.0.3}	11744	7022	AP2C_HUMAN	Q92754
ARNT_HUMAN.H11DI.0.B	ARNT	12	B	0	nbnvdRCGTGMb	HOCOMOCOv11	ChIP-Seq	0.9522370524270887		8		512	PAS domain factors{1.2.5}	Arnt-like factors{1.2.5.2}	700	405	ARNT_HUMAN	P27540
ASCL1_HUMAN.H11DI.0.A	ASCL1	16	A	0	nvhvCACCTGSYnbhn	HOCOMOCOv11	ChIP-Seq	0.9895095839773631	0.9828726339290101	30	25	534	MyoD / ASC-related factors{1.2.2}	Achaete-Scute-like factors{1.2.2.2}	738	429	ASCL1_HUMAN	P50553
ATF1_HUMAN.H11DI.0.B	ATF1	22	B	0	ndbnvvnnnvndRTGAYRTMWn	HOCOMOCOv10	ChIP-Seq	0.8670891729386999		6		505	CREB-related factors{1.1.7}	CREB-like factors{1.1.7.1}	783	466	ATF1_HUMAN	P18846
ATF2_HUMAN.H11DI.0.B	ATF2	14	B	0	nnnRRTGAbRYMRn	HOCOMOCOv11	ChIP-Seq	0.7706267444910965	0.8738913392808273	8	4	504	Jun-related factors{1.1.1}	ATF-2-like factors{1.1.1.3}	784	1386	ATF2_HUMAN	P15336
ATF3_HUMAN.H11DI.0.A	ATF3	12	A	0	nvGTSACGTRRb	HOCOMOCOv11	ChIP-Seq	0.9346325056816998	0.7459251634011416	36	16	507	Fos-related factors{1.1.2}	ATF-3-like factors{1.1.2.2}	785	467	ATF3_HUMAN	P18847
ATF4_HUMAN.H11DI.0.A	ATF4	14	A	0	dddMTGATGCAAYn	HOCOMOCOv11	ChIP-Seq	0.9981305532017647	0.9609654887841312	18	9	453	ATF-4-related factors{1.1.6}	ATF-4{1.1.6.0.1}	786	468	ATF4_HUMAN	P18848
ATOH1_HUMAN.H11DI.0.B	ATOH1	13	B	0	ndnRRCAGMTGSn	HOCOMOCOv11	ChIP-Seq	0.7884861575435621	0.9955795719509131	3	4	501	Tal-related factors{1.2.3}	Neurogenin / Atonal-like factors{1.2.3.4}	797	474	ATOH1_HUMAN	Q92858
BACH2_HUMAN.H11DI.0.A	BACH2	14	A	0	dhnWGCTGASTCAb	HOCOMOCOv11	ChIP-Seq	0.9381649760183259	0.9877689370083934	10	3	506	Jun-related factors{1.1.1}	NF-E2-like factors{1.1.1.2}	14078	60468	BACH2_HUMAN	Q9BYV9
BATF_HUMAN.H11DI.0.A	BATF	20	A	0	ndbThYhddWWTGASTMWbn	HOCOMOCOv11	ChIP-Seq	0.9838839365109753	0.9686429293634363	10	20	501	B-ATF-related factors{1.1.4}	B-ATF{1.1.4.0.1}	958	10538	BATF_HUMAN	Q16520
BCL6_HUMAN.H11DI.0.A	BCL6	16	A	0	nvnhdhbAGGAAvhdn	HOCOMOCOv11	ChIP-Seq	0.9129464684782803	0.9477596499890236	27	11	502	More than 3 adjacent zinc finger factors{2.3.3}	BCL6 factors{2.3.3.22}	1001	604	BCL6_HUMAN	P41182
BHE40_HUMAN.H11DI.0.A	BHLHE40	10	A	0	ndCACGKGMv	HOCOMOCOv11	ChIP-Seq	0.8819281885702287	0.9572070186614564	10	5	533	Hairy-related factors{1.2.4}	Hairy-like factors{1.2.4.1}	1046	8553	BHE40_HUMAN	O14503
BMAL1_HUMAN.H11DI.0.A	ARNTL	18	A	0	bnbvnnnvdvCACGTGMb	HOCOMOCOv11	ChIP-Seq	0.8811316786471226	0.8681455870608846	18	15	503	PAS domain factors{1.2.5}	Arnt-like factors{1.2.5.2}	701	406	BMAL1_HUMAN	O00327
BRAC_HUMAN.H11DI.0.A	T	27	A	0	ndddnndddYvdMRbnnddRTGhbARn	HOCOMOCOv11	ChIP-Seq	0.8535328561743794	0.843103549050469	9	10	502	Brachyury-related factors{6.5.1}	T (Brachyury){6.5.1.0.1}	11515	6862	BRAC_HUMAN	O15178
CDX2_HUMAN.H11DI.0.A	CDX2	14	A	0	nbddbTTTATKRYn	HOCOMOCOv11	ChIP-Seq	0.9314528588658455	0.9888757243662923	13	23	340	HOX-related factors{3.1.1}	CDX (Caudal type homeobox){3.1.1.9}	1806	1045	CDX2_HUMAN	Q99626
CEBPA_HUMAN.H11DI.0.A	CEBPA	15	A	0	nvTTKCdhMAbhnbn	HOCOMOCOv11	ChIP-Seq	0.9876614596397436	0.9907027974892783	18	153	463	C/EBP-related{1.1.8}	C/EBP{1.1.8.1}	1833	1050	CEBPA_HUMAN	P49715
CEBPB_HUMAN.H11DI.0.A	CEBPB	16	A	0	ndRTTGCRYAAYnnhn	HOCOMOCOv11	ChIP-Seq	0.9820174525056002	0.9852619435140872	65	158	380	C/EBP-related{1.1.8}	C/EBP{1.1.8.1}	1834	1051	CEBPB_HUMAN	P17676
CEBPD_HUMAN.H11DI.0.C	CEBPD	13	C	0	nRTTGCnYAAYhn	HOCOMOCOv11	ChIP-Seq	0.8088086527604522		10		307	C/EBP-related{1.1.8}	C/EBP{1.1.8.1}	1835	1052	CEBPD_HUMAN	P49716
CEBPG_HUMAN.H11DI.0.B	CEBPG	14	B	0	nRTTKCATCAKhhn	HOCOMOCOv11	ChIP-Seq	0.702154663639684	0.973427121801872	2	4	472	C/EBP-related{1.1.8}	C/EBP{1.1.8.1}	1837	1054	CEBPG_HUMAN	P53567
COE1_HUMAN.H11DI.0.A	EBF1	23	A	0	nnnnnndbYCCCMWGGGRvhnbn	HOCOMOCOv10	ChIP-Seq	0.9958373003931078	0.9937961797712438	17	55	506	Early B-Cell Factor-related factors{6.1.5}	EBF1 (COE1){6.1.5.0.1}	3126	1879	COE1_HUMAN	Q9UH73
COT1_HUMAN.H11DI.0.C	NR2F1	17	C	0	vdRdbbRRAGGTCAvvv	HOCOMOCOv11	ChIP-Seq	0.8679120159661682		3		489	RXR-related receptors (NR2){2.1.3}	COUP-like receptors (NR2F){2.1.3.5}	7975	7025	COT1_HUMAN	P10589
COT2_HUMAN.H11DI.0.A	NR2F2	18	A	0	nddbnvMRAGGTCAvvdn	HOCOMOCOv11	ChIP-Seq	0.9479773401580834	0.8344795503160817	28	3	505	RXR-related receptors (NR2){2.1.3}	COUP-like receptors (NR2F){2.1.3.5}	7976	7026	COT2_HUMAN	P24468
CREB1_HUMAN.H11DI.0.A	CREB1	23	A	0	nhbbbbbnbnnndRTGAYGYvRn	HOCOMOCOv10	ChIP-Seq	0.9542266109771732	0.9065888993203147	63	8	508	CREB-related factors{1.1.7}	CREB-like factors{1.1.7.1}	2345	1385	CREB1_HUMAN	P16220
CTCF_HUMAN.H11DI.0.A	CTCF	23	A	0	nbbRCCRShAGGKGGCRSbvbnv	HOCOMOCOv11	ChIP-Seq	0.9990310024044651	0.9994758597650917	502	263	502	More than 3 adjacent zinc finger factors{2.3.3}	CTCF-like factors{2.3.3.50}	13723	10664	CTCF_HUMAN	P49711
CTCFL_HUMAN.H11DI.0.A	CTCFL	18	A	0	vSCdShAGGKGGCGShnn	HOCOMOCOv11	ChIP-Seq	0.9798457985444113	0.9950386248382688	25	8	490	More than 3 adjacent zinc finger factors{2.3.3}	CTCF-like factors{2.3.3.50}	16234	140690	CTCFL_HUMAN	Q8NI51
DUX4_HUMAN.H11DI.0.A	DUX4	14	A	0	KWTGATTASATTCd	HOCOMOCOv11	ChIP-Seq	0.9714913994262521		5		367	Paired-related HD factors{3.1.3}	DUX{3.1.3.7}	50800	100288687	DUX4_HUMAN	Q9UBX2
E2F1_HUMAN.H11DI.0.A	E2F1	16	A	0	nSGCGGGARvnvvnvn	HOCOMOCOv11	ChIP-Seq	0.9242113190306861	0.9472398092328783	80	21	501	E2F-related factors{3.3.2}	E2F{3.3.2.1}	3113	1869	E2F1_HUMAN	Q01094
E2F3_HUMAN.H11DI.0.A	E2F3	17	A	0	vvvSGCGGGARvvvvvv	HOCOMOCOv11	ChIP-Seq	0.8591620432363932	0.993382062925688	3	22	501	E2F-related factors{3.3.2}	E2F{3.3.2.1}	3115	1871	E2F3_HUMAN	O00716
E2F4_HUMAN.H11DI.0.A	E2F4	16	A	0	ndvvSndSGCGSRRdn	HOCOMOCOv11	ChIP-Seq	0.9625405084426649	0.9890195331003486	15	37	458	E2F-related factors{3.3.2}	E2F{3.3.2.1}	3118	1874	E2F4_HUMAN	Q16254
E2F6_HUMAN.H11DI.0.A	E2F6	12	A	0	nvRGMGGGARvv	HOCOMOCOv11	ChIP-Seq	0.8956282513108402		17		502	E2F-related factors{3.3.2}	E2F{3.3.2.1}	3120	1876	E2F6_HUMAN	O75461
E2F7_HUMAN.H11DI.0.B	E2F7	15	B	0	vvvddSGCGGGARvn	HOCOMOCOv11	ChIP-Seq	0.8820115812035731		16		500	E2F-related factors{3.3.2}	E2F{3.3.2.1}	23820	144455	E2F7_HUMAN	Q96AV8
EGR1_HUMAN.H11DI.0.A	EGR1	21	A	0	nvbGYGKGGGYGGRRvbvbvv	HOCOMOCOv11	ChIP-Seq	0.9906386106100205	0.9862239433950486	36	12	526	Three-zinc finger Krüppel-related factors{2.3.1}	EGR factors{2.3.1.3}	3238	1958	EGR1_HUMAN	P18146
EGR2_HUMAN.H11DI.0.A	EGR2	21	A	0	vdvdGhGKGGGYGKvdvnddn	HOCOMOCOv11	ChIP-Seq	0.988684754949173	0.987183158012022	4	25	625	Three-zinc finger Krüppel-related factors{2.3.1}	EGR factors{2.3.1.3}	3239	1959	EGR2_HUMAN	P11161
EHF_HUMAN.H11DI.0.B	EHF	16	B	0	nhAbSAGGAAGYdvvn	HOCOMOCOv11	ChIP-Seq	0.9687346250109166	0.6301331269175708	5	3	500	Ets-related factors{3.5.2}	EHF-like factors{3.5.2.4}	3246	26298	EHF_HUMAN	Q9NZC4
ELF1_HUMAN.H11DI.0.A	ELF1	15	A	0	nvdWbSMGGAAGYvv	HOCOMOCOv11	ChIP-Seq	0.9919928479223449	0.976515321461251	43	5	403	Ets-related factors{3.5.2}	Elf-1-like factors{3.5.2.3}	3316	1997	ELF1_HUMAN	P32519
ELF2_HUMAN.H11DI.0.C	ELF2	15	C	0	vvdvSCGGAAGhvvn	HOCOMOCOv11	ChIP-Seq	0.8992302803900275		2		501	Ets-related factors{3.5.2}	Elf-1-like factors{3.5.2.3}	3317	1998	ELF2_HUMAN	Q15723
ELF3_HUMAN.H11DI.0.A	ELF3	16	A	0	nvdAbSAGGAARYdvn	HOCOMOCOv11	ChIP-Seq	0.9860835573954077		11		506	Ets-related factors{3.5.2}	EHF-like factors{3.5.2.4}	3318	1999	ELF3_HUMAN	P78545
ELF5_HUMAN.H11DI.0.A	ELF5	19	A	0	nvvRSvAvvAGGAAGhdvn	HOCOMOCOv11	ChIP-Seq	0.9821866053209873	0.9259170902462955	3	12	514	Ets-related factors{3.5.2}	EHF-like factors{3.5.2.4}	3320	2001	ELF5_HUMAN	Q9UKW6
ELK1_HUMAN.H11DI.0.B	ELK1	12	B	0	nvSCGGAAGYvv	HOCOMOCOv11	ChIP-Seq	0.9847786376601896	0.7063267100858827	4	7	511	Ets-related factors{3.5.2}	Elk-like factors{3.5.2.2}	3321	2002	ELK1_HUMAN	P19419
ELK4_HUMAN.H11DI.0.A	ELK4	16	A	0	vvMCGGAARYvvvnnb	HOCOMOCOv11	ChIP-Seq	0.9655748820958392	0.6323030813202826	13	4	190	Ets-related factors{3.5.2}	Elk-like factors{3.5.2.2}	3326	2005	ELK4_HUMAN	P28324
EPAS1_HUMAN.H11DI.0.B	EPAS1	12	B	0	vdCACGThbnhn	HOCOMOCOv11	ChIP-Seq	0.8918369052361889		24		503	PAS domain factors{1.2.5}	Ahr-like factors{1.2.5.1}	3374	2034	EPAS1_HUMAN	Q99814
ERG_HUMAN.H11DI.0.A	ERG	15	A	0	vdvRSAGGAAGbvRv	HOCOMOCOv11	ChIP-Seq	0.9862813940385424	0.9013328722872154	79	16	501	Ets-related factors{3.5.2}	Ets-like factors{3.5.2.1}	3446	2078	ERG_HUMAN	P11308
ERR1_HUMAN.H11DI.0.A	ESRRA	15	A	0	nhbbbSAAGGTCAhn	HOCOMOCOv11	ChIP-Seq	0.9620493261151243	0.979926039912225	31	3	507	Steroid hormone receptors (NR3){2.1.1}	ER-like receptors (NR3A&B){2.1.1.2}	3471	2101	ERR1_HUMAN	P11474
ESR1_HUMAN.H11DI.0.A	ESR1	19	A	0	nbnRKGKCASCbTGMCCYn	HOCOMOCOv11	ChIP-Seq	0.9813401795680885	0.9957828279680965	432	58	470	Steroid hormone receptors (NR3){2.1.1}	ER-like receptors (NR3A&B){2.1.1.2}	3467	2099	ESR1_HUMAN	P03372
ESR2_HUMAN.H11DI.0.A	ESR2	19	A	0	ndRRnYWvbvTGACCYnvn	HOCOMOCOv11	ChIP-Seq	0.9488351177439555	0.9336365762625928	11	7	513	Steroid hormone receptors (NR3){2.1.1}	ER-like receptors (NR3A&B){2.1.1.2}	3468	2100	ESR2_HUMAN	Q92731
ETS1_HUMAN.H11DI.0.A	ETS1	15	A	0	vvvRSMGGAAGYRRn	HOCOMOCOv11	ChIP-Seq	0.9660820731296289	0.939895643672721	45	33	502	Ets-related factors{3.5.2}	Ets-like factors{3.5.2.1}	3488	2113	ETS1_HUMAN	P14921
ETV1_HUMAN.H11DI.0.A	ETV1	12	A	0	vdCCGGAAGbdv	HOCOMOCOv11	ChIP-Seq	0.9499889222699714		8		499	Ets-related factors{3.5.2}	Elk-like factors{3.5.2.2}	3490	2115	ETV1_HUMAN	P50549
EVX2_HUMAN.H11DI.0.A	EVX2	21	A	0	nndnnnnnnTTTATKRYhbhn	HOCOMOCOv10	ChIP-Seq	0.9742253763607405	0.8830959946824298	11	4	494	HOX-related factors{3.1.1}	EVX (Even-skipped homolog){3.1.1.10}	3507	344191	EVX2_HUMAN	Q03828
FEZF1_HUMAN.H11DI.0.C	FEZF1	15	C	0	nhKbYCWTTTbnndn	HOCOMOCOv11	ChIP-Seq	0.8419322299645408		3		514	More than 3 adjacent zinc finger factors{2.3.3}	FEZF factors{2.3.3.20}	22788	389549	FEZF1_HUMAN	A0PJY2
FLI1_HUMAN.H11DI.0.A	FLI1	16	A	0	vvRRRvAGGAAGbvvv	HOCOMOCOv11	ChIP-Seq	0.9950969566213927	0.9538106800139414	50	32	525	Ets-related factors{3.5.2}	Ets-like factors{3.5.2.1}	3749	2313	FLI1_HUMAN	Q01543
FOS_HUMAN.H11DI.0.A	FOS	15	A	0	nvnbnvTGAGTCAbn	HOCOMOCOv11	ChIP-Seq	0.9909236914848383	0.9198987145811636	38	50	363	Fos-related factors{1.1.2}	Fos factors{1.1.2.1}	3796	2353	FOS_HUMAN	P01100
FOSB_HUMAN.H11DI.0.A	FOSB	10	A	0	nWKAGYCAbn	HOCOMOCOv11	ChIP-Seq	0.9669899366529859	0.9197076156236027	2	27	485	Fos-related factors{1.1.2}	Fos factors{1.1.2.1}	3797	2354	FOSB_HUMAN	P53539
FOSL1_HUMAN.H11DI.0.A	FOSL1	13	A	0	bnRTGAGTCAYvn	HOCOMOCOv11	ChIP-Seq	0.9871229662862352	0.9526324439064632	21	2	175	Fos-related factors{1.1.2}	Fos factors{1.1.2.1}	13718	8061	FOSL1_HUMAN	P15407
FOSL2_HUMAN.H11DI.0.A	FOSL2	15	A	0	nnnbnvTGAGTCAYn	HOCOMOCOv11	ChIP-Seq	0.9954304799406151	0.9746072531623078	27	5	131	Fos-related factors{1.1.2}	Fos factors{1.1.2.1}	3798	2355	FOSL2_HUMAN	P15408
FOXA1_HUMAN.H11DI.0.A	FOXA1	16	A	0	nnnTGTTTACWYWdbn	HOCOMOCOv11	ChIP-Seq	0.9915812250590104	0.979622877090467	199	28	502	Forkhead box (FOX) factors{3.3.1}	FOXA{3.3.1.1}	5021	3169	FOXA1_HUMAN	P55317
FOXA2_HUMAN.H11DI.0.A	FOXA2	16	A	0	nbnbTGTTTACWbWdb	HOCOMOCOv11	ChIP-Seq	0.9839907106628869	0.9916967778997328	22	34	520	Forkhead box (FOX) factors{3.3.1}	FOXA{3.3.1.1}	5022	3170	FOXA2_HUMAN	Q9Y261
FOXH1_HUMAN.H11DI.0.A	FOXH1	12	A	0	nTGTGGATTbnv	HOCOMOCOv11	ChIP-Seq	0.9820268716699341		7		502	Forkhead box (FOX) factors{3.3.1}	FOXH{3.3.1.8}	3814	8928	FOXH1_HUMAN	O75593
FOXK1_HUMAN.H11DI.0.A	FOXK1	12	A	0	nbTGTTThYnbn	HOCOMOCOv11	ChIP-Seq	0.8604686017914212	0.9138895544579724	11	4	502	Forkhead box (FOX) factors{3.3.1}	FOXK{3.3.1.11}	23480	221937	FOXK1_HUMAN	P85037
FOXM1_HUMAN.H11DI.0.A	FOXM1	14	A	0	dnTRTTTRYhbWdn	HOCOMOCOv11	ChIP-Seq	0.9059479335656553		66		502	Forkhead box (FOX) factors{3.3.1}	FOXM{3.3.1.13}	3818	2305	FOXM1_HUMAN	Q08050
FOXO1_HUMAN.H11DI.0.A	FOXO1	13	A	0	nnbbbTGTTThYn	HOCOMOCOv11	ChIP-Seq	0.8852973600347819	0.9195820706065304	9	21	364	Forkhead box (FOX) factors{3.3.1}	FOXO{3.3.1.15}	3819	2308	FOXO1_HUMAN	Q12778
FOXO3_HUMAN.H11DI.0.B	FOXO3	11	B	0	bbTGTTTMChn	HOCOMOCOv11	ChIP-Seq	0.6840103551597112	0.9519349683342947	2	7	499	Forkhead box (FOX) factors{3.3.1}	FOXO{3.3.1.15}	3821	2309	FOXO3_HUMAN	O43524
FOXP1_HUMAN.H11DI.0.A	FOXP1	12	A	0	bbTGTTThYnbn	HOCOMOCOv11	ChIP-Seq	0.9165283552999337		21		533	Forkhead box (FOX) factors{3.3.1}	FOXP{3.3.1.16}	3823	27086	FOXP1_HUMAN	Q9H334
FOXP2_HUMAN.H11DI.0.C	FOXP2	12	C	0	nbbbTGTTTWYn	HOCOMOCOv11	ChIP-Seq	0.9701567089906057		2		509	Forkhead box (FOX) factors{3.3.1}	FOXP{3.3.1.16}	13875	93986	FOXP2_HUMAN	O15409
GABPA_HUMAN.H11DI.0.A	GABPA	17	A	0	vvvnvSCGGAAGYRvvn	HOCOMOCOv11	ChIP-Seq	0.9909127507779633	0.9455285363115365	92	8	501	Ets-related factors{3.5.2}	Ets-like factors{3.5.2.1}	4071	2551	GABPA_HUMAN	Q06546
GATA1_HUMAN.H11DI.0.A	GATA1	21	A	0	nvbKbnnnnnnvAGATAAvvn	HOCOMOCOv11	ChIP-Seq	0.9874763174011406	0.9623333919209593	48	122	500	GATA-type zinc fingers{2.2.1}	Two zinc-finger GATA factors{2.2.1.1}	4170	2623	GATA1_HUMAN	P15976
GATA2_HUMAN.H11DI.0.A	GATA2	23	A	0	nnnnnnnnnnnnvvWGATAASvn	HOCOMOCOv10	ChIP-Seq	0.9760663978852953	0.9778890707866157	84	54	501	GATA-type zinc fingers{2.2.1}	Two zinc-finger GATA factors{2.2.1.1}	4171	2624	GATA2_HUMAN	P23769
GATA3_HUMAN.H11DI.0.A	GATA3	23	A	0	ndnddndbdnnvAGATAAvddnn	HOCOMOCOv10	ChIP-Seq	0.9501332326732639	0.9471862945425079	98	60	504	GATA-type zinc fingers{2.2.1}	Two zinc-finger GATA factors{2.2.1.1}	4172	2625	GATA3_HUMAN	P23771
GATA4_HUMAN.H11DI.0.A	GATA4	11	A	0	nvWGATAASvn	HOCOMOCOv11	ChIP-Seq	0.9595764744608727	0.9452548223654226	15	17	463	GATA-type zinc fingers{2.2.1}	Two zinc-finger GATA factors{2.2.1.1}	4173	2626	GATA4_HUMAN	P43694
GATA6_HUMAN.H11DI.0.A	GATA6	16	A	0	nnnnnnvWGATAASvn	HOCOMOCOv11	ChIP-Seq	0.9769745503719847	0.9456390028336735	29	7	394	GATA-type zinc fingers{2.2.1}	Two zinc-finger GATA factors{2.2.1.1}	4174	2627	GATA6_HUMAN	Q92908
GCR_HUMAN.H11DI.0.A	NR3C1	19	A	0	dvhnRGdACAbnvhGKnMh	HOCOMOCOv11	ChIP-Seq	0.9852826327306812	0.9916063260401542	143	119	466	Steroid hormone receptors (NR3){2.1.1}	GR-like receptors (NR3C){2.1.1.1}	7978	2908	GCR_HUMAN	P04150
GFI1B_HUMAN.H11DI.0.A	GFI1B	14	A	0	nKYWbWGRTTTnhn	HOCOMOCOv11	ChIP-Seq	0.8866537991119647	0.8906558339871002	3	24	537	More than 3 adjacent zinc finger factors{2.3.3}	GFI1 factors{2.3.3.21}	4238	8328	GFI1B_HUMAN	Q5VTD9
GLI1_HUMAN.H11DI.0.B	GLI1	17	B	0	nvnnbSTGGGTGGYChn	HOCOMOCOv11	ChIP-Seq	0.6709009156746579	0.952726147551049	2	3	501	More than 3 adjacent zinc finger factors{2.3.3}	GLI-like factors{2.3.3.1}	4317	2735	GLI1_HUMAN	P08151
GRHL2_HUMAN.H11DI.0.A	GRHL2	15	A	0	RWCYKGTYYddChRS	HOCOMOCOv11	ChIP-Seq	0.9804686496847201	0.9662172577740243	22	4	455	Grainyhead-related factors{6.7.1}	GRH-like proteins{6.7.1.1}	2799	79977	GRHL2_HUMAN	Q6ISB3
HIF1A_HUMAN.H11DI.0.C	HIF1A	11	C	0	bnvKRCGTGhb	HOCOMOCOv11	ChIP-Seq	0.7186081523203324	0.7182878189587536	39	8	515	PAS domain factors{1.2.5}	Ahr-like factors{1.2.5.1}	4910	3091	HIF1A_HUMAN	Q16665
HNF1A_HUMAN.H11DI.0.C	HNF1A	17	C	0	ndRKWAATGWTTWMYhn	HOCOMOCOv11	ChIP-Seq	0.9284287334504429		3		501	POU domain factors{3.1.10}	HNF1-like factors{3.1.10.7}	11621	6927	HNF1A_HUMAN	P20823
HNF1B_HUMAN.H11DI.0.A	HNF1B	17	A	0	ndRTWAATGWTTRMYhn	HOCOMOCOv11	ChIP-Seq	0.9526639285552704	0.9971425104870907	5	8	500	POU domain factors{3.1.10}	HNF1-like factors{3.1.10.7}	11630	6928	HNF1B_HUMAN	P35680
HNF4A_HUMAN.H11DI.0.A	HNF4A	16	A	0	nvRGdnCAAAGTYCWn	HOCOMOCOv11	ChIP-Seq	0.9880335171399535	0.9868530930618677	49	33	504	RXR-related receptors (NR2){2.1.3}	HNF-4 (NR2A){2.1.3.2}	5024	3172	HNF4A_HUMAN	P41235
HNF4G_HUMAN.H11DI.0.B	HNF4G	15	B	0	vRGdnCAAAGKYCRn	HOCOMOCOv11	ChIP-Seq	0.98729646610291		6		507	RXR-related receptors (NR2){2.1.3}	HNF-4 (NR2A){2.1.3.2}	5026	3174	HNF4G_HUMAN	Q14541
HSF1_HUMAN.H11DI.0.A	HSF1	18	A	0	nvbRGAAnnWTCYRGAAn	HOCOMOCOv11	ChIP-Seq	0.99687592750005	0.9910160975298935	56	32	506	HSF factors{3.4.1}	HSF1 (HSTF1){3.4.1.0.1}	5224	3297	HSF1_HUMAN	Q00613
HTF4_HUMAN.H11DI.0.A	TCF12	13	A	0	nvnnvCAGSTGYn	HOCOMOCOv11	ChIP-Seq	0.9355921497252389	0.9798857811732113	49	10	508	E2A-related factors{1.2.1}	HTF-4 (TCF-12, HEB){1.2.1.0.3}	11623	6938	HTF4_HUMAN	Q99081
HXA9_HUMAN.H11DI.0.B	HOXA9	14	B	0	ndTGATTYAYddbh	HOCOMOCOv11	ChIP-Seq	0.9143638952175779	0.759688205478754	5	8	502	HOX-related factors{3.1.1}	HOX9-13{3.1.1.8}	5109	3205	HXA9_HUMAN	P31269
HXB4_HUMAN.H11DI.0.B	HOXB4	11	B	0	WKRYWRATKRS	HOCOMOCOv11	ChIP-Seq	0.5025805667454418	0.9211031247690404	2	12	503	HOX-related factors{3.1.1}	HOX4{3.1.1.4}	5115	3214	HXB4_HUMAN	P17483
HXB13_HUMAN.H11DI.0.A	HOXB13	16	A	0	dKTTTATKRbnhddbh	HOCOMOCOv11	ChIP-Seq	0.8870448862999871		9		507	HOX-related factors{3.1.1}	HOX9-13{3.1.1.8}	5112	10481	HXB13_HUMAN	Q92826
HXC9_HUMAN.H11DI.0.C	HOXC9	12	C	0	nWTTWATKRShn	HOCOMOCOv11	ChIP-Seq	0.8768868478487101		2		503	HOX-related factors{3.1.1}	HOX9-13{3.1.1.8}	5130	3225	HXC9_HUMAN	P31274
IRF1_HUMAN.H11DI.0.A	IRF1	23	A	0	nnRAAnhGAAASYGAAAShvdvn	HOCOMOCOv11	ChIP-Seq	0.9972959724560967	0.9981568108793977	23	18	453	Interferon-regulatory factors{3.5.3}	IRF-1{3.5.3.0.1}	6116	3659	IRF1_HUMAN	P10914
IRF2_HUMAN.H11DI.0.A	IRF2	21	A	0	ndRRvnRAAASYGAAASYvvn	HOCOMOCOv11	ChIP-Seq	0.9875426732452143		8		513	Interferon-regulatory factors{3.5.3}	IRF-2{3.5.3.0.2}	6117	3660	IRF2_HUMAN	P14316
IRF3_HUMAN.H11DI.0.B	IRF3	23	B	0	nvdRRMdRGAAAvnGAAAvndvv	HOCOMOCOv11	ChIP-Seq	0.7974511183255293	0.9624570607911304	6	21	510	Interferon-regulatory factors{3.5.3}	IRF-3{3.5.3.0.3}	6118	3661	IRF3_HUMAN	Q14653
IRF4_HUMAN.H11DI.0.A	IRF4	19	A	0	ndddRvRGAASTGARWvhn	HOCOMOCOv11	ChIP-Seq	0.9584196957860484	0.98153051060378	19	61	502	Interferon-regulatory factors{3.5.3}	IRF-4 (LSIRF, NF-EM5, MUM1, Pip){3.5.3.0.4}	6119	3662	IRF4_HUMAN	Q15306
ISL1_HUMAN.H11DI.0.A	ISL1	14	A	0	nnYTAAKKRvhYhn	HOCOMOCOv11	ChIP-Seq	0.8377363817406472	0.9175834161462554	3	13	472	HD-LIM factors{3.1.5}	ISL{3.1.5.1}	6132	3670	ISL1_HUMAN	P61371
ITF2_HUMAN.H11DI.0.C	TCF4	16	C	0	vnvnvvnnvCAGSTGb	HOCOMOCOv11	ChIP-Seq	0.9681285965168547		4		471	E2A-related factors{1.2.1}	SEF2 (E2-2, TCF-4, ITF-2){1.2.1.0.2}	11634	6925	ITF2_HUMAN	P15884
JUN_HUMAN.H11DI.0.A	JUN	14	A	0	nbnvTGAGTCAYhn	HOCOMOCOv11	ChIP-Seq	0.9596520225314271	0.9372171214676458	56	39	412	Jun-related factors{1.1.1}	Jun factors{1.1.1.1}	6204	3725	JUN_HUMAN	P05412
JUNB_HUMAN.H11DI.0.A	JUNB	12	A	0	ndvTGAGTCAbh	HOCOMOCOv11	ChIP-Seq	0.9749591772061882	0.9220298995069928	8	25	208	Jun-related factors{1.1.1}	Jun factors{1.1.1.1}	6205	3726	JUNB_HUMAN	P17275
JUND_HUMAN.H11DI.0.A	JUND	13	A	0	nvnvTGAGTCAbn	HOCOMOCOv11	ChIP-Seq	0.9967568070147161	0.9869574759438078	64	21	505	Jun-related factors{1.1.1}	Jun factors{1.1.1.1}	6206	3727	JUND_HUMAN	P17535
KAISO_HUMAN.H11DI.0.A	ZBTB33	19	A	0	nbvRvYMYCGCGAGAvbhv	HOCOMOCOv11	ChIP-Seq	0.9035988977480235		37		408	Other factors with up to three adjacent zinc fingers{2.3.2}	Factors with 2-3 adjacent zinc fingersand a BTB/POZ domain{2.3.2.1}	16682	10009	KAISO_HUMAN	Q86T24
KLF1_HUMAN.H11DI.0.A	KLF1	19	A	0	ndGGGYGKGGMnKSKnvbb	HOCOMOCOv11	ChIP-Seq	0.9149276449048126	0.9883723748226381	5	6	585	Three-zinc finger Krüppel-related factors{2.3.1}	Krüppel-like factors{2.3.1.2}	6345	10661	KLF1_HUMAN	Q13351
KLF3_HUMAN.H11DI.0.B	KLF3	17	B	0	nvnvndGGGYGKGGYhn	HOCOMOCOv11	ChIP-Seq	0.7830222761176913	0.9955143865246906	2	7	501	Three-zinc finger Krüppel-related factors{2.3.1}	Krüppel-like factors{2.3.1.2}	16516	51274	KLF3_HUMAN	P57682
KLF4_HUMAN.H11DI.0.A	KLF4	19	A	0	nvddbndGGGYGKGGYhvn	HOCOMOCOv11	ChIP-Seq	0.9038935448202052	0.9867368387261481	11	34	455	Three-zinc finger Krüppel-related factors{2.3.1}	Krüppel-like factors{2.3.1.2}	6348	9314	KLF4_HUMAN	O43474
KLF5_HUMAN.H11DI.0.A	KLF5	16	A	0	ndGGGYGKGKYnvddn	HOCOMOCOv11	ChIP-Seq	0.9725785314809333	0.9780856077075972	32	23	514	Three-zinc finger Krüppel-related factors{2.3.1}	Krüppel-like factors{2.3.1.2}	6349	688	KLF5_HUMAN	Q13887
KLF6_HUMAN.H11DI.0.A	KLF6	21	A	0	vbvvndGGGYGKRRbbvnvvb	HOCOMOCOv11	ChIP-Seq	0.9746882861588065	0.6836127759447728	16	2	497	Three-zinc finger Krüppel-related factors{2.3.1}	Krüppel-like factors{2.3.1.2}	2235	1316	KLF6_HUMAN	Q99612
KLF9_HUMAN.H11DI.0.C	KLF9	17	C	0	nSvvGKGGGCGTGKCvb	HOCOMOCOv11	ChIP-Seq	0.9566171808022162		3		252	Three-zinc finger Krüppel-related factors{2.3.1}	Krüppel-like factors{2.3.1.2}	1123	687	KLF9_HUMAN	Q13886
KLF15_HUMAN.H11DI.0.A	KLF15	22	A	0	dRdRGGMGGRGvdRGRRRdSRv	HOCOMOCOv11	ChIP-Seq	0.9671972365912065	0.9984493328817144	4	3	530	Three-zinc finger Krüppel-related factors{2.3.1}	Krüppel-like factors{2.3.1.2}	14536	28999	KLF15_HUMAN	Q9UIH9
LEF1_HUMAN.H11DI.0.A	LEF1	18	A	0	nYYWTTSWdvTKYWdWbn	HOCOMOCOv11	ChIP-Seq	0.9117503203055484		20		496	TCF-7-related factors{4.1.3}	LEF-1 (TCF-1alpha) [1]{4.1.3.0.4}	6551	51176	LEF1_HUMAN	Q9UJU2
LHX2_HUMAN.H11DI.0.A	LHX2	12	A	0	nYTAATKRbbhn	HOCOMOCOv11	ChIP-Seq	0.8312241035712434	0.9375839710853261	5	12	501	HD-LIM factors{3.1.5}	Lhx-2-like factors{3.1.5.3}	6594	9355	LHX2_HUMAN	P50458
LYL1_HUMAN.H11DI.0.A	LYL1	13	A	0	nhYWbCTSbbnhn	HOCOMOCOv11	ChIP-Seq	0.8844368254872296	0.8536089342757228	23	3	476	Tal-related factors{1.2.3}	Tal / HEN-like factors{1.2.3.1}	6734	4066	LYL1_HUMAN	P12980
MAF_HUMAN.H11DI.0.A	MAF	23	A	0	nddnWGMTGAbdhhdbhnnhhbn	HOCOMOCOv11	ChIP-Seq	0.9194430779977725	0.8585269757745511	10	5	499	Maf-related factors{1.1.3}	Large Maf factors{1.1.3.1}	6776	4094	MAF_HUMAN	O75444
MAFB_HUMAN.H11DI.0.B	MAFB	15	B	0	dddnTGCTGAbWbdd	HOCOMOCOv11	ChIP-Seq	0.6843934894952918	0.9691820401870621	5	3	379	Maf-related factors{1.1.3}	Large Maf factors{1.1.3.1}	6408	9935	MAFB_HUMAN	Q9Y5Q3
MAFF_HUMAN.H11DI.0.B	MAFF	24	B	0	nhhhbKGCYRRSTCAGCWndhhhn	HOCOMOCOv11	ChIP-Seq	0.4888423426914572	0.9817143969534913	2	15	433	Maf-related factors{1.1.3}	Small Maf factors{1.1.3.2}	6780	23764	MAFF_HUMAN	Q9ULX9
MAFG_HUMAN.H11DI.0.A	MAFG	18	A	0	WGMYRASTCAGCAnWWhh	HOCOMOCOv11	ChIP-Seq	0.8990087350366122	0.9995878419209042	3	6	456	Maf-related factors{1.1.3}	Small Maf factors{1.1.3.2}	6781	4097	MAFG_HUMAN	O15525
MAFK_HUMAN.H11DI.0.A	MAFK	20	A	0	nddWWnTGCTGASTCAKSMn	HOCOMOCOv11	ChIP-Seq	0.9940681196421025	0.9933258653738664	12	11	437	Maf-related factors{1.1.3}	Small Maf factors{1.1.3.2}	6782	7975	MAFK_HUMAN	O60675
MAX_HUMAN.H11DI.0.A	MAX	23	A	0	nvnnnnnvnvnvdvCACGTGbbn	HOCOMOCOv10	ChIP-Seq	0.9552358962143548	0.968387157150513	86	14	514	bHLH-ZIP factors{1.2.6}	Myc / Max factors{1.2.6.5}	6913	4149	MAX_HUMAN	P61244
MAZ_HUMAN.H11DI.0.A	MAZ	25	A	0	vvRGGGMGGGGvvdRRRRdvRvvRn	HOCOMOCOv11	ChIP-Seq	0.95729703149438	0.9610630903159701	3	5	508	Factors with multiple dispersed zinc fingers{2.3.4}	MAZ-like factors{2.3.4.8}	6914	4150	MAZ_HUMAN	P56270
MEF2A_HUMAN.H11DI.0.A	MEF2A	15	A	0	ndbYTATTTWWRKnn	HOCOMOCOv11	ChIP-Seq	0.9504772728369244	0.9814720438889313	15	6	498	Regulators of differentiation{5.1.1}	MEF-2{5.1.1.1}	6993	4205	MEF2A_HUMAN	Q02078
MEF2B_HUMAN.H11DI.0.A	MEF2B	19	A	0	nbWbYTRTWTbWRbnhnhn	HOCOMOCOv11	ChIP-Seq	0.961725398883588		23		373	Regulators of differentiation{5.1.1}	MEF-2{5.1.1.1}	6995	100271849; 4207	MEF2B_HUMAN	Q02080
MEF2C_HUMAN.H11DI.0.A	MEF2C	15	A	0	nddYTATTTWWRdhn	HOCOMOCOv11	ChIP-Seq	0.9629512913795816	0.8862746918921152	6	9	496	Regulators of differentiation{5.1.1}	MEF-2{5.1.1.1}	6996	4208	MEF2C_HUMAN	Q06413
MEF2D_HUMAN.H11DI.0.A	MEF2D	15	A	0	nddYTATTTWTARhh	HOCOMOCOv11	ChIP-Seq	0.8452552441942092	0.9739477736479264	2	27	498	Regulators of differentiation{5.1.1}	MEF-2{5.1.1.1}	6997	4209	MEF2D_HUMAN	Q14814
MEIS1_HUMAN.H11DI.0.A	MEIS1	14	A	0	ndTGAYTdATKdbn	HOCOMOCOv11	ChIP-Seq	0.8484531937078557	0.9523833472565219	2	37	500	TALE-type homeo domain factors{3.1.4}	MEIS{3.1.4.2}	7000	4211	MEIS1_HUMAN	O00470
MITF_HUMAN.H11DI.0.A	MITF	13	A	0	nvYCACGTGAChn	HOCOMOCOv11	ChIP-Seq	0.9987834688781568	0.8163047048706824	28	3	518	bHLH-ZIP factors{1.2.6}	TFE3-like factors{1.2.6.1}	7105	4286	MITF_HUMAN	O75030
MXI1_HUMAN.H11DI.0.A	MXI1	23	A	0	nvvvCAYGTGSvnvvnbvvvnbn	HOCOMOCOv10	ChIP-Seq	0.8969391786330171	0.9805782912784615	10	5	500	bHLH-ZIP factors{1.2.6}	Mad-like factors{1.2.6.7}	7534	4601	MXI1_HUMAN	P50539
MYB_HUMAN.H11DI.0.A	MYB	11	A	0	nhKRCvGTTRn	HOCOMOCOv11	ChIP-Seq	0.8259337513039199	0.9279339059777826	27	9	379	Myb/SANT domain factors{3.5.1}	Myb-like factors{3.5.1.1}	7545	4602	MYB_HUMAN	P10242
MYC_HUMAN.H11DI.0.A	MYC	15	A	0	nvCCACGTGbnbdvn	HOCOMOCOv11	ChIP-Seq	0.9505572043858211	0.9480622737913518	265	126	116	bHLH-ZIP factors{1.2.6}	Myc / Max factors{1.2.6.5}	7553	4609	MYC_HUMAN	P01106
MYCN_HUMAN.H11DI.0.A	MYCN	12	A	0	nvvvCACGTGKv	HOCOMOCOv11	ChIP-Seq	0.9349332782007418	0.899024046494712	32	10	402	bHLH-ZIP factors{1.2.6}	Myc / Max factors{1.2.6.5}	7559	4613	MYCN_HUMAN	P04198
MYNN_HUMAN.H11DI.0.C	MYNN	19	C	0	ndRRCTYTTAWKYWRdhdn	HOCOMOCOv11	ChIP-Seq	0.8199149744272953		4		389	More than 3 adjacent zinc finger factors{2.3.3}	unclassified{2.3.3.0}	14955	55892	MYNN_HUMAN	Q9NPC7
MYOD1_HUMAN.H11DI.0.A	MYOD1	18	A	0	vCASCTGYYnbbbbbnnb	HOCOMOCOv11	ChIP-Seq	0.9945622242117769	0.9970041327978993	9	63	437	MyoD / ASC-related factors{1.2.2}	Myogenic transcription factors{1.2.2.1}	7611	4654	MYOD1_HUMAN	P15172
NANOG_HUMAN.H11DI.0.A	NANOG	19	A	0	nbbYWTTSWnWTKYWRWbn	HOCOMOCOv11	ChIP-Seq	0.9389999494802189	0.942652909486798	15	38	497	NK-related factors{3.1.2}	NANOG{3.1.2.12}	20857	79923	NANOG_HUMAN	Q9H9S0
NDF1_HUMAN.H11DI.0.A	NEUROD1	14	A	0	nvnRRCAGATGGbn	HOCOMOCOv11	ChIP-Seq	0.9492699247330988	0.9599145217403671	5	2	507	Tal-related factors{1.2.3}	Neurogenin / Atonal-like factors{1.2.3.4}	7762	4760	NDF1_HUMAN	Q13562
NDF2_HUMAN.H11DI.0.B	NEUROD2	15	B	0	dvvvnRRCAGATGGn	HOCOMOCOv11	ChIP-Seq	0.6190532851322795	0.9699891032493406	2	21	560	Tal-related factors{1.2.3}	Neurogenin / Atonal-like factors{1.2.3.4}	7763	4761	NDF2_HUMAN	Q15784
NF2L2_HUMAN.H11DI.0.A	NFE2L2	17	A	0	nRTGASTYRGCWndhhn	HOCOMOCOv11	ChIP-Seq	0.9007753384275852	0.9872359525062947	5	26	514	Jun-related factors{1.1.1}	NF-E2-like factors{1.1.1.2}	7782	4780	NF2L2_HUMAN	Q16236
NFAC1_HUMAN.H11DI.0.A	NFATC1	18	A	0	dWGGAARndnTKWvYMWn	HOCOMOCOv11	ChIP-Seq	0.8117901890441391	0.9535978540874879	7	8	500	NFAT-related factors{6.1.3}	NFATc1{6.1.3.0.1}	7775	4772	NFAC1_HUMAN	O95644
NFE2_HUMAN.H11DI.0.A	NFE2	16	A	0	nvvvRTGACbSvSSvn	HOCOMOCOv11	ChIP-Seq	0.9781130355266092	0.9944463223881159	17	9	369	Jun-related factors{1.1.1}	NF-E2-like factors{1.1.1.2}	7780	4778	NFE2_HUMAN	Q16621
NFIC_HUMAN.H11DI.0.A	NFIC	19	A	0	nbYTGGChbnvdKYChdvn	HOCOMOCOv11	ChIP-Seq	0.9702414003806519	0.7005638349401188	18	1	500	Nuclear factor 1{7.1.2}	NF-1C (NF-IC){7.1.2.0.3}	7786	4782	NFIC_HUMAN	P08651
NFKB1_HUMAN.H11DI.0.A	NFKB1	14	A	0	nWGGGRAAbhSMSh	HOCOMOCOv11	ChIP-Seq	0.8673062498484677	0.9575882319722375	7	16	319	NF-kappaB-related factors{6.1.1}	NF-kappaB p50 subunit-like factors{6.1.1.1}	7794	4790	NFKB1_HUMAN	P19838
NFKB2_HUMAN.H11DI.0.B	NFKB2	14	B	0	nKGGRAAdYCCCdn	HOCOMOCOv11	ChIP-Seq	0.985964929881423		4		511	NF-kappaB-related factors{6.1.1}	NF-kappaB p50 subunit-like factors{6.1.1.1}	7795	4791	NFKB2_HUMAN	Q00653
NFYA_HUMAN.H11DI.0.A	NFYA	16	A	0	nbbRRCCAATvRvMRn	HOCOMOCOv11	ChIP-Seq	0.9835415694431027	0.9606907585667023	19	14	507	Heteromeric CCAAT-binding factors{4.2.1}	NF-YA (CP1A, CBF-B){4.2.1.0.1}	7804	4800	NFYA_HUMAN	P23511
NFYB_HUMAN.H11DI.0.A	NFYB	15	A	0	nbRRCCAATSRvvRn	HOCOMOCOv11	ChIP-Seq	0.9905972759957651	0.9976423409804686	4	4	509	Heteromeric CCAAT-binding factors{4.2.1}	NF-YB (CP1B, CBF-A){4.2.1.0.2}	7805	4801	NFYB_HUMAN	P25208
NFYC_HUMAN.H11DI.0.A	NFYC	18	A	0	bRvSYMATvRvvvnvvnv	HOCOMOCOv11	ChIP-Seq	0.9459668138015087	0.9792484556423944	4	4	500	Heteromeric CCAAT-binding factors{4.2.1}	NF-YC{4.2.1.0.3}	7806	4802	NFYC_HUMAN	Q13952
NKX21_HUMAN.H11DI.0.A	NKX2-1	13	A	0	nbYKGAGWGbnhn	HOCOMOCOv11	ChIP-Seq	0.9378030840402483	0.9271972153305164	14	9	501	NK-related factors{3.1.2}	NK-2.1{3.1.2.14}	11825	7080	NKX21_HUMAN	P43699
NKX22_HUMAN.H11DI.0.B	NKX2-2	10	B	0	nYbRAGTGbn	HOCOMOCOv11	ChIP-Seq	0.3885037286867787	0.8180923376676325	2	5	510	NK-related factors{3.1.2}	NK-2.2{3.1.2.15}	7835	4821	NKX22_HUMAN	O95096
NKX25_HUMAN.H11DI.0.B	NKX2-5	10	B	0	nhdGAGWGbn	HOCOMOCOv11	ChIP-Seq	0.7488363182447618	0.8894327658203773	2	7	518	NK-related factors{3.1.2}	NK-4{3.1.2.17}	2488	1482	NKX25_HUMAN	P52952
NKX31_HUMAN.H11DI.0.A	NKX3-1	11	A	0	nbWRWGTRYYh	HOCOMOCOv11	ChIP-Seq	0.8437720235725443	0.7982417410227413	11	10	427	NK-related factors{3.1.2}	NK-3{3.1.2.16}	7838	4824	NKX31_HUMAN	Q99801
NKX61_HUMAN.H11DI.0.B	NKX6-1	22	B	0	ddRhdRATKdvndWWWRAWddn	HOCOMOCOv11	ChIP-Seq	0.4618640680014475	0.9784056060568573	3	8	503	NK-related factors{3.1.2}	NK-6{3.1.2.19}	7839	4825	NKX61_HUMAN	P78426
NR1D1_HUMAN.H11DI.0.B	NR1D1	19	B	0	nvnvWbKRGGbCAvnndvn	HOCOMOCOv11	ChIP-Seq	0.5895890024011545	0.907370906458916	1	53	508	Thyroid hormone receptor-related factors (NR1){2.1.2}	Rev-ErbA (NR1D){2.1.2.3}	7962	9572	NR1D1_HUMAN	P20393
NR1H3_HUMAN.H11DI.0.A	NR1H3	22	A	0	nvdKKbnWbbnnRGGdCAndbn	HOCOMOCOv11	ChIP-Seq	0.8231742434991156	0.9374514432196173	13	10	502	Thyroid hormone receptor-related factors (NR1){2.1.2}	LXR (NR1H){2.1.2.7}	7966	10062	NR1H3_HUMAN	Q13133
NR2C2_HUMAN.H11DI.0.A	NR2C2	16	A	0	dbnRbTYMMGGGKYRv	HOCOMOCOv11	ChIP-Seq	0.8850844850395738		35		556	RXR-related receptors (NR2){2.1.3}	Testicular receptors (NR2C){2.1.3.4}	7972	7182	NR2C2_HUMAN	P49116
NR4A1_HUMAN.H11DI.0.A	NR4A1	10	A	0	nAAAKGYCAn	HOCOMOCOv11	ChIP-Seq	0.9299699561769821	0.5161508046973925	12	2	507	NGFI-B-related receptors (NR4){2.1.4}	NGFI-B  (NR4A1){2.1.4.0.1}	7980	3164	NR4A1_HUMAN	P22736
NR5A2_HUMAN.H11DI.0.B	NR5A2	16	B	0	ndbYCAAGGYCRnnnn	HOCOMOCOv10	ChIP-Seq	0.5255590885030731	0.9574834545725368	4	8	501	FTZ-F1-related receptors (NR5){2.1.5}	LRH-1 (NR5A2){2.1.5.0.2}	7984	2494	NR5A2_HUMAN	O00482
NRF1_HUMAN.H11DI.0.A	NRF1	19	A	0	nbdSYGCGCAKGCGCvnbn	HOCOMOCOv11	ChIP-Seq	0.9994367108202549	0.9989127632075153	31	23	512	NRF{0.0.6}	NRF-1 (alpha-pal){0.0.6.0.1}	7996	4899	NRF1_HUMAN	Q16656
OSR2_HUMAN.H11DI.0.C	OSR2	11	C	0	nbdGCTnCTGn	HOCOMOCOv11	ChIP-Seq	0.8858686698614735		3		526	More than 3 adjacent zinc finger factors{2.3.3}	unclassified{2.3.3.0}	15830	116039	OSR2_HUMAN	Q8N2R0
OTX2_HUMAN.H11DI.0.A	OTX2	14	A	0	ndddRGGATTAdvn	HOCOMOCOv11	ChIP-Seq	0.8785159294215084	0.9195471990636067	5	18	500	Paired-related HD factors{3.1.3}	OTX{3.1.3.17}	8522	5015	OTX2_HUMAN	P32243
OZF_HUMAN.H11DI.0.C	ZNF146	27	C	0	YCYTTTTYATGGCTGMATARTATTCCA	HOCOMOCOv11	ChIP-Seq	0.991619351337063		4		453	More than 3 adjacent zinc finger factors{2.3.3}	ZNF146-like factors{2.3.3.55}	12931	7705	OZF_HUMAN	Q15072
P53_HUMAN.H11DI.0.A	TP53	23	A	0	nndRRCAKGbMSMRACAWGbMbn	HOCOMOCOv11	ChIP-Seq	0.9974851675578215	0.9876645557906097	141	39	598	p53-related factors{6.3.1}	p53{6.3.1.0.1}	11998	7157	P53_HUMAN	P04637
P63_HUMAN.H11DI.0.A	TP63	21	A	0	nvdRCMWGYhSMRRCWYGYhn	HOCOMOCOv11	ChIP-Seq	0.9982612181835109		79		501	p53-related factors{6.3.1}	p63{6.3.1.0.2}	15979	8626	P63_HUMAN	Q9H3D4
P73_HUMAN.H11DI.0.A	TP73	21	A	0	nddRCWWGYbSWRRCWWGYhb	HOCOMOCOv11	ChIP-Seq	0.9975057123341461		10		504	p53-related factors{6.3.1}	p73{6.3.1.0.3}	12003	7161	P73_HUMAN	O15350
PATZ1_HUMAN.H11DI.0.C	PATZ1	24	C	0	nvRRGGMGGGGvvdRRvvdRRvvb	HOCOMOCOv11	ChIP-Seq	0.9264613080488038		6		534	Factors with multiple dispersed zinc fingers{2.3.4}	MAZ-like factors{2.3.4.8}	13071	23598	PATZ1_HUMAN	Q9HBE1
PAX5_HUMAN.H11DI.0.A	PAX5	23	A	0	nnnvdRvKCRvYvRWGCRWGRMn	HOCOMOCOv11	ChIP-Seq	0.9611289942078047	0.8988335018211754	32	8	503	Paired domain only{3.2.2}	PAX-2-like factors (partial homeobox){3.2.2.2}	8619	5079	PAX5_HUMAN	Q02548
PAX6_HUMAN.H11DI.0.C	PAX6	15	C	0	hKYMYGCWTSRvYKv	HOCOMOCOv11	ChIP-Seq	0.6804914464997389	0.7907318519335681	6	8	504	Paired plus homeo domain{3.2.1}	PAX-4/6{3.2.1.2}	8620	5080	PAX6_HUMAN	P26367
PBX1_HUMAN.H11DI.0.A	PBX1	12	A	0	nWGAbWGRCARv	HOCOMOCOv11	ChIP-Seq	0.9404942795975111	0.8729463339020922	2	36	527	TALE-type homeo domain factors{3.1.4}	PBX{3.1.4.4}	8632	5087	PBX1_HUMAN	P40424
PBX3_HUMAN.H11DI.0.A	PBX3	23	A	0	dGAbdGRCRKbnvnnnnvvSSMv	HOCOMOCOv10	ChIP-Seq	0.9802181870129643		17		504	TALE-type homeo domain factors{3.1.4}	PBX{3.1.4.4}	8634	5090	PBX3_HUMAN	P40426
PDX1_HUMAN.H11DI.0.A	PDX1	12	A	0	dTGATWRAKKdb	HOCOMOCOv11	ChIP-Seq	0.9764108665551428	0.8142599394869586	10	4	377	HOX-related factors{3.1.1}	PDX{3.1.1.15}	6107	3651	PDX1_HUMAN	P52945
PO2F1_HUMAN.H11DI.0.B	POU2F1	19	B	0	nbnYATGYAdATdhvnndn	HOCOMOCOv11	ChIP-Seq	0.8224787511270664	0.6874041255307352	15	14	103	POU domain factors{3.1.10}	POU2 (Oct-1/2-like factors){3.1.10.2}	9212	5451	PO2F1_HUMAN	P14859
PO2F2_HUMAN.H11DI.0.A	POU2F2	15	A	0	ndhATGCAWAKnnvn	HOCOMOCOv11	ChIP-Seq	0.9246017014373561		14		504	POU domain factors{3.1.10}	POU2 (Oct-1/2-like factors){3.1.10.2}	9213	5452	PO2F2_HUMAN	P09086
PO3F2_HUMAN.H11DI.0.A	POU3F2	20	A	0	nbdSMTGMATWWKbMWddvn	HOCOMOCOv11	ChIP-Seq	0.8127503485237983	0.9448219902139569	12	22	330	POU domain factors{3.1.10}	POU3 (Oct-6-like factors){3.1.10.3}	9215	5454	PO3F2_HUMAN	P20265
PO5F1_HUMAN.H11DI.0.A	POU5F1	18	A	0	nbYWTTSWhATGYARRhn	HOCOMOCOv11	ChIP-Seq	0.9862450296490604	0.9851121320925263	44	119	501	POU domain factors{3.1.10}	POU5 (Oct-3/4-like factors){3.1.10.5}	9221	5460	PO5F1_HUMAN	Q01860
PPARA_HUMAN.H11DI.0.B	PPARA	19	B	0	nhWbYRKGbbARAGGKbMn	HOCOMOCOv11	ChIP-Seq	0.5904782253658535	0.9645003864018554	5	20	500	Thyroid hormone receptor-related factors (NR1){2.1.2}	PPAR (NR1C){2.1.2.5}	9232	5465	PPARA_HUMAN	Q07869
PPARG_HUMAN.H11DI.0.A	PPARG	19	A	0	nhWbYRGRnbARAGKKbRn	HOCOMOCOv11	ChIP-Seq	0.9634724036765148	0.9633715969024659	53	114	486	Thyroid hormone receptor-related factors (NR1){2.1.2}	PPAR (NR1C){2.1.2.5}	9236	5468	PPARG_HUMAN	P37231
PRD14_HUMAN.H11DI.0.A	PRDM14	22	A	0	nnnnndRSWTAGRGWMShnnnn	HOCOMOCOv10	ChIP-Seq	0.9312042286311395	0.9228469383459951	7	11	520	More than 3 adjacent zinc finger factors{2.3.3}	unclassified{2.3.3.0}	14001	63978	PRD14_HUMAN	Q9GZV8
PRDM1_HUMAN.H11DI.0.A	PRDM1	17	A	0	ddRMAGKGAAAGTdhnn	HOCOMOCOv10	ChIP-Seq	0.9821446770975735	0.9585324751845334	12	9	501	More than 3 adjacent zinc finger factors{2.3.3}	PRDM1-like factors{2.3.3.12}	9346	639	PRDM1_HUMAN	O75626
PRGR_HUMAN.H11DI.0.A	PGR	20	A	0	nhbRKnACRKhYWGThYYhn	HOCOMOCOv11	ChIP-Seq	0.9659515520450144	0.981872624288046	51	15	513	Steroid hormone receptors (NR3){2.1.1}	GR-like receptors (NR3C){2.1.1.1}	8910	5241	PRGR_HUMAN	P06401
RARA_HUMAN.H11DI.0.A	RARA	23	A	0	vddRRbbvvRAGKTCARRRbYRn	HOCOMOCOv11	ChIP-Seq	0.9536003592515578	0.9348293271839814	29	32	356	Thyroid hormone receptor-related factors (NR1){2.1.2}	Retinoic acid receptors (NR1B){2.1.2.1}	9864	5914	RARA_HUMAN	P10276
RARG_HUMAN.H11DI.0.A	RARG	22	A	0	nvRKKYCAbnbbRhYCYnbnbn	HOCOMOCOv11	ChIP-Seq	0.8150276887846626		12		508	Thyroid hormone receptor-related factors (NR1){2.1.2}	Retinoic acid receptors (NR1B){2.1.2.1}	9866	5916	RARG_HUMAN	P13631
REST_HUMAN.H11DI.0.A	REST	24	A	0	nbYCAGSACCdhGGACAGYdSYhn	HOCOMOCOv11	ChIP-Seq	0.9994383521343007	0.9959997610071982	147	33	319	Factors with multiple dispersed zinc fingers{2.3.4}	unclassified{2.3.4.0}	9966	5978	REST_HUMAN	Q13127
RFX1_HUMAN.H11DI.0.B	RFX1	23	B	0	bbbbSbGTTGCCWdGGvvMSvvb	HOCOMOCOv10	ChIP-Seq	0.698504802876159	0.9944157218372415	3	7	440	RFX-related factors{3.3.3}	RFX1 (EF-C){3.3.3.0.1}	9982	5989	RFX1_HUMAN	P22670
RFX2_HUMAN.H11DI.0.A	RFX2	20	A	0	bbbGTTGCCAKGGhRACvvv	HOCOMOCOv11	ChIP-Seq	0.9814979833865659	0.9930598597695857	7	7	355	RFX-related factors{3.3.3}	RFX2{3.3.3.0.2}	9983	5990	RFX2_HUMAN	P48378
RFX5_HUMAN.H11DI.0.A	RFX5	23	A	0	nvnvbSvbYdGTYRCYRRGbvvv	HOCOMOCOv10	ChIP-Seq	0.9867606457727572		14		500	RFX-related factors{3.3.3}	RFX5{3.3.3.0.5}	9986	5993	RFX5_HUMAN	P48382
RORA_HUMAN.H11DI.0.C	RORA	16	C	0	ndvhndRGGYCAvnvn	HOCOMOCOv11	ChIP-Seq	0.580414601453463	0.8093288542814291	2	5	501	Thyroid hormone receptor-related factors (NR1){2.1.2}	ROR (NR1F){2.1.2.6}	10258	6095	RORA_HUMAN	P35398
RUNX1_HUMAN.H11DI.0.A	RUNX1	17	A	0	nbTGTGGTYWbnbbnbn	HOCOMOCOv11	ChIP-Seq	0.965849234910244	0.9853647000233134	115	63	514	Runt-related factors{6.4.1}	Runx1 (PEBP2alphaB, CBF-alpha2, AML-1){6.4.1.0.2}	10471	861	RUNX1_HUMAN	Q01196
RUNX2_HUMAN.H11DI.0.A	RUNX2	17	A	0	ndddbbdbTGTGGTYWn	HOCOMOCOv11	ChIP-Seq	0.9711048775645911	0.9022647694351184	3	25	559	Runt-related factors{6.4.1}	Runx2 (PEBP2alphaA, CBF-alpha1){6.4.1.0.1}	10472	860	RUNX2_HUMAN	Q13950
RUNX3_HUMAN.H11DI.0.A	RUNX3	11	A	0	bhTGYGGYYdn	HOCOMOCOv11	ChIP-Seq	0.9970373139363673	0.9724132319156309	2	27	498	Runt-related factors{6.4.1}	Runx3 (PEBP2alphaC, CBF-alpha3, AML-2){6.4.1.0.3}	10473	864	RUNX3_HUMAN	Q13761
RXRA_HUMAN.H11DI.0.A	RXRA	25	A	0	nvdnndnnddvnSWRAGGKCAnnbn	HOCOMOCOv11	ChIP-Seq	0.9003712590765426	0.9278864985442001	52	158	500	RXR-related receptors (NR2){2.1.3}	Retinoid X receptors (NR2B){2.1.3.1}	10477	6256	RXRA_HUMAN	P19793
SALL4_HUMAN.H11DI.0.B	SALL4	19	B	0	nnhTYWRMAWdWvWRdnvn	HOCOMOCOv11	ChIP-Seq	0.4268757697395317	0.936678133293429	1	21	502	Factors with multiple dispersed zinc fingers{2.3.4}	Sal-like factors{2.3.4.3}	15924	57167	SALL4_HUMAN	Q9UJQ4
SIX1_HUMAN.H11DI.0.A	SIX1	15	A	0	nKGWAAYhYGAbMYn	HOCOMOCOv11	ChIP-Seq	0.9653642843391075		6		511	HD-SINE factors{3.1.6}	SIX1-like factors{3.1.6.1}	10887	6495	SIX1_HUMAN	Q15475
SIX2_HUMAN.H11DI.0.A	SIX2	16	A	0	ndGdAAbhhRAbMYbn	HOCOMOCOv11	ChIP-Seq	0.9748252067846193	0.9597601317278861	18	9	489	HD-SINE factors{3.1.6}	SIX1-like factors{3.1.6.1}	10888	10736	SIX2_HUMAN	Q9NPC8
SMAD2_HUMAN.H11DI.0.A	SMAD2	15	A	0	nvWGKCTSnYhCYhn	HOCOMOCOv11	ChIP-Seq	0.8643390965562068	0.844428170017032	17	26	504	SMAD factors{7.1.1}	Regulatory Smads (R-Smad){7.1.1.1}	6768	4087	SMAD2_HUMAN	Q15796
SMAD3_HUMAN.H11DI.0.C	SMAD3	14	C	0	nhvbYTvbCWSMhn	HOCOMOCOv11	ChIP-Seq	0.7987778738523522	0.6816787709379445	34	30	506	SMAD factors{7.1.1}	Regulatory Smads (R-Smad){7.1.1.1}	6769	4088	SMAD3_HUMAN	P84022
SMAD4_HUMAN.H11DI.0.A	SMAD4	21	A	0	nnbWGKCTvdCWSYYnnnnnn	HOCOMOCOv10	ChIP-Seq	0.8820382197883138	0.9259473020409656	24	3	500	SMAD factors{7.1.1}	Co-activating Smads (Co-Smad){7.1.1.2}	6770	4089	SMAD4_HUMAN	Q13485
SMCA5_HUMAN.H11DI.0.C	SMARCA5	18	C	0	dRMMAShRbSWKbCWSWd	HOCOMOCOv11	ChIP-Seq	0.6682166675036658	0.7285685442208797	3	2	274	Myb/SANT domain factors{3.5.1}	SMARCA-like factors{3.5.1.5}	11101	8467	SMCA5_HUMAN	O60264
SNAI2_HUMAN.H11DI.0.A	SNAI2	12	A	0	ndRCAGGTGYnn	HOCOMOCOv11	ChIP-Seq	0.9848415733106589	0.8926490625692932	11	3	517	More than 3 adjacent zinc finger factors{2.3.3}	Snail-like factors{2.3.3.2}	11094	6591	SNAI2_HUMAN	O43623
SOX2_HUMAN.H11DI.0.A	SOX2	18	A	0	nbYYWTTSTbhYbbhddh	HOCOMOCOv11	ChIP-Seq	0.9751572022589245	0.9742424789578618	67	109	388	SOX-related factors{4.1.1}	Group B{4.1.1.2}	11195	6657	SOX2_HUMAN	P48431
SOX3_HUMAN.H11DI.0.B	SOX3	10	B	0	bSYWTTGTbn	HOCOMOCOv11	ChIP-Seq	0.6852920696581799	0.88830800218863	2	4	456	SOX-related factors{4.1.1}	Group B{4.1.1.2}	11199	6658	SOX3_HUMAN	P41225
SOX4_HUMAN.H11DI.0.B	SOX4	13	B	0	bbYCTTTGTYYbb	HOCOMOCOv11	ChIP-Seq	0.6698209544934403	0.9760058529555558	2	7	350	SOX-related factors{4.1.1}	Group C{4.1.1.3}	11200	6659	SOX4_HUMAN	Q06945
SOX9_HUMAN.H11DI.0.B	SOX9	19	B	0	vMMAARRvnnbCWTTGTKh	HOCOMOCOv11	ChIP-Seq	0.6629168052574647	0.9865005623869965	6	25	501	SOX-related factors{4.1.1}	Group E{4.1.1.5}	11204	6662	SOX9_HUMAN	P48436
SOX10_HUMAN.H11DI.0.B	SOX10	19	B	0	dWhARdvvnbbCWTTGTbh	HOCOMOCOv11	ChIP-Seq	0.935847577322965	0.7618760320664878	3	3	503	SOX-related factors{4.1.1}	Group E{4.1.1.5}	11190	6663	SOX10_HUMAN	P56693
SOX17_HUMAN.H11DI.0.C	SOX17	13	C	0	bvnbCCATYKTdn	HOCOMOCOv11	ChIP-Seq	0.8555426196151764		4		510	SOX-related factors{4.1.1}	Group F{4.1.1.6}	18122	64321	SOX17_HUMAN	Q9H6I2
SP1_HUMAN.H11DI.0.A	SP1	27	A	0	nRKGGGCGGGGCbdSSvbSSSSvvSSS	HOCOMOCOv11	ChIP-Seq	0.9998980021220176	0.9554254023849543	53	11	514	Three-zinc finger Krüppel-related factors{2.3.1}	Sp1-like factors{2.3.1.1}	11205	6667	SP1_HUMAN	P08047
SP2_HUMAN.H11DI.0.A	SP2	23	A	0	vvvvbvRRRGGCGGRRSbdvvvb	HOCOMOCOv10	ChIP-Seq	0.9778599876458333		16		501	Three-zinc finger Krüppel-related factors{2.3.1}	Sp1-like factors{2.3.1.1}	11207	6668	SP2_HUMAN	Q02086
SP4_HUMAN.H11DI.0.A	SP4	27	A	0	vRvdRRRGGMGGRGvndRRRRvRRRvv	HOCOMOCOv11	ChIP-Seq	0.9865159342569125		5		497	Three-zinc finger Krüppel-related factors{2.3.1}	Sp1-like factors{2.3.1.1}	11209	6671	SP4_HUMAN	Q02446
SPI1_HUMAN.H11DI.0.A	SPI1	18	A	0	dvRRWRRGGAAGTGvvvn	HOCOMOCOv11	ChIP-Seq	0.999396365695115	0.9986710346759162	80	204	495	Ets-related factors{3.5.2}	Spi-like factors{3.5.2.5}	11241	6688	SPI1_HUMAN	P17947
SPIB_HUMAN.H11DI.0.A	SPIB	19	A	0	vvRRWRRGGAASTGRdRvn	HOCOMOCOv11	ChIP-Seq	0.9992377917218238	0.9610676099718987	12	3	413	Ets-related factors{3.5.2}	Spi-like factors{3.5.2.5}	11242	6689	SPIB_HUMAN	Q01892
SRBP1_HUMAN.H11DI.0.A	SREBF1	12	A	0	nvTSRSGTGAbn	HOCOMOCOv11	ChIP-Seq	0.919100287226023	0.6990999245306972	5	23	603	bHLH-ZIP factors{1.2.6}	SREBP factors{1.2.6.3}	11289	6720	SRBP1_HUMAN	P36956
SRF_HUMAN.H11DI.0.A	SRF	19	A	0	nhbbCCWWWTWWGGnndbn	HOCOMOCOv11	ChIP-Seq	0.9697587076139753	0.9809767480920636	46	37	500	Responders to external signals (SRF/RLM1){5.1.2}	SRF{5.1.2.0.1}	11291	6722	SRF_HUMAN	P11831
STA5A_HUMAN.H11DI.0.A	STAT5A	25	A	0	nddnndWKMhdRGAAddRvvnvddn	HOCOMOCOv11	ChIP-Seq	0.949445735089356	0.9836796423271768	24	127	503	STAT factors{6.2.1}	STAT5A{6.2.1.0.5}	11366	6776	STA5A_HUMAN	P42229
STA5B_HUMAN.H11DI.0.A	STAT5B	12	A	0	dhTTCYTRGAAn	HOCOMOCOv11	ChIP-Seq	0.9634061716682778	0.9630136234120483	16	31	508	STAT factors{6.2.1}	STAT5B{6.2.1.0.6}	11367	6777	STA5B_HUMAN	P51692
STAT1_HUMAN.H11DI.0.A	STAT1	25	A	0	bbvbTTCCYRGAARhvnnnbbvnnn	HOCOMOCOv11	ChIP-Seq	0.9891087366855218	0.9165052370711638	37	128	500	STAT factors{6.2.1}	STAT1{6.2.1.0.1}	11362	6772	STAT1_HUMAN	P42224
STAT2_HUMAN.H11DI.0.A	STAT2	20	A	0	ndvRRAAhnGAAASYdRRWn	HOCOMOCOv11	ChIP-Seq	0.9818835886048628	0.9949125758270206	11	8	500	STAT factors{6.2.1}	STAT2{6.2.1.0.2}	11363	6773	STAT2_HUMAN	P52630
STAT3_HUMAN.H11DI.0.A	STAT3	18	A	0	nbbvbTTCChRKMAvnbn	HOCOMOCOv10	ChIP-Seq	0.9557109696679049	0.9521023985723336	36	82	436	STAT factors{6.2.1}	STAT3{6.2.1.0.3}	11364	6774	STAT3_HUMAN	P40763
STAT4_HUMAN.H11DI.0.A	STAT4	22	A	0	nvnnnbbnbTTCCYdKMAdnnn	HOCOMOCOv10	ChIP-Seq	0.9583698552965197	0.9424255864015884	7	10	502	STAT factors{6.2.1}	STAT4{6.2.1.0.4}	11365	6775	STAT4_HUMAN	Q14765
STAT6_HUMAN.H11DI.0.A	STAT6	15	A	0	ndvRvAGGAARbvdn	HOCOMOCOv11	ChIP-Seq	0.8737567758903754	0.8335449705652997	19	24	506	STAT factors{6.2.1}	STAT6{6.2.1.0.7}	11368	6778	STAT6_HUMAN	P42226
STF1_HUMAN.H11DI.0.B	NR5A1	13	B	0	nbbYCAAGGYCRn	HOCOMOCOv11	ChIP-Seq	0.7754812517235324	0.9076677848258111	1	2	500	FTZ-F1-related receptors (NR5){2.1.5}	FTZ-F1 (SF-1) (NR5A1){2.1.5.0.1}	7983	2516	STF1_HUMAN	Q13285
SUH_HUMAN.H11DI.0.A	RBPJ	12	A	0	nbYSTGRGAAvn	HOCOMOCOv11	ChIP-Seq	0.952217514843632	0.9561084720058979	25	6	521	CSL-related factors{6.1.4}	M{6.1.4.1}	5724	3516	SUH_HUMAN	Q06330
TAF1_HUMAN.H11DI.0.A	TAF1	18	A	0	vRRvATGGMKRMvvnvvv	HOCOMOCOv11	ChIP-Seq	0.8622680088919349	0.9009914407381131	61	2	500	TCF-7-related factors{4.1.3}	TAF-1 (TAF-2A, TAF(II)250) [1]{4.1.3.0.5}	11535	6872	TAF1_HUMAN	P21675
TAL1_HUMAN.H11DI.0.A	TAL1	23	A	0	nnnbYKbnnnnnnbWGATAAvvn	HOCOMOCOv11	ChIP-Seq	0.9903311798816202	0.9772328085164661	68	76	503	Tal-related factors{1.2.3}	Tal / HEN-like factors{1.2.3.1}	11556	6886	TAL1_HUMAN	P17542
TBP_HUMAN.H11DI.0.A	TBP	13	A	0	vWWKAAAWRvvvn	HOCOMOCOv11	ChIP-Seq	0.9377895544097418	0.8824516415150603	21	45	502	TBP-related factors{8.1.1}	TBP{8.1.1.0.1}	11588	6908	TBP_HUMAN	P20226
TBX21_HUMAN.H11DI.0.A	TBX21	15	A	0	nvdvdRRGTGWKRdn	HOCOMOCOv11	ChIP-Seq	0.8321176442482037	0.8405436291458591	7	17	501	TBrain-related factors{6.5.2}	TBX21 (T-bet){6.5.2.0.3}	11599	30009	TBX21_HUMAN	Q9UL17
TCF7_HUMAN.H11DI.0.A	TCF7	17	A	0	nvnnvRSWTSAAAGvvn	HOCOMOCOv11	ChIP-Seq	0.8707328516527427	0.9256230973917999	7	19	213	TCF-7-related factors{4.1.3}	TCF-7 (TCF-1) [1]{4.1.3.0.1}	11639	6932	TCF7_HUMAN	P36402
TEAD1_HUMAN.H11DI.0.A	TEAD1	18	A	0	bhRCATTCCWRSvdbnnn	HOCOMOCOv11	ChIP-Seq	0.9837178976584383	0.9375202468338908	14	5	511	TEF-1-related factors{3.6.1}	TEF-1 (TEAD-1, TCF-13){3.6.1.0.1}	11714	7003	TEAD1_HUMAN	P28347
TEAD4_HUMAN.H11DI.0.A	TEAD4	18	A	0	hnRMATTCCWRSvddnbb	HOCOMOCOv11	ChIP-Seq	0.9832811278843432	0.9473338962242599	57	10	505	TEF-1-related factors{3.6.1}	TEF-3 (TEAD-4, TCF-13L1){3.6.1.0.2}	11717	7004	TEAD4_HUMAN	Q15561
TF7L1_HUMAN.H11DI.0.B	TCF7L1	13	B	0	nbCTTTSAWSYbn	HOCOMOCOv11	ChIP-Seq	0.9219403018905356	0.7466549614892336	10	10	503	TCF-7-related factors{4.1.3}	TCF-7L1 (TCF-3) [1]{4.1.3.0.2}	11640	83439	TF7L1_HUMAN	Q9HCS4
TF7L2_HUMAN.H11DI.0.A	TCF7L2	15	A	0	nbbCTTTSAWSYbbn	HOCOMOCOv11	ChIP-Seq	0.9664845709043636	0.8911296977043696	46	10	507	TCF-7-related factors{4.1.3}	TCF-7L2 (TCF-4) [1]{4.1.3.0.3}	11641	6934	TF7L2_HUMAN	Q9NQB0
TF65_HUMAN.H11DI.0.A	RELA	15	A	0	ndGGGRvTTTCChvn	HOCOMOCOv11	ChIP-Seq	0.98828157096432	0.9104348195200346	188	99	504	NF-kappaB-related factors{6.1.1}	NF-kappaB p65 subunit-like factors{6.1.1.2}	9955	5970	TF65_HUMAN	Q04206
TFAP4_HUMAN.H11DI.0.A	TFAP4	14	A	0	hCAGCTGdKbnvvn	HOCOMOCOv11	ChIP-Seq	0.9236506864566352		7		502	bHLH-ZIP factors{1.2.6}	AP-4{1.2.6.4}	11745	7023	TFAP4_HUMAN	Q01664
TFDP1_HUMAN.H11DI.0.C	TFDP1	23	C	0	vvvvvvvvvvvvdvGGCGGGRvn	HOCOMOCOv10	ChIP-Seq	0.8525001091087128		3		500	E2F-related factors{3.3.2}	Dp-1{3.3.2.2}	11749	7027	TFDP1_HUMAN	Q14186
TFE2_HUMAN.H11DI.0.A	TCF3	21	A	0	nbnbbnbbhbnnvCASCTGYn	HOCOMOCOv11	ChIP-Seq	0.955035791157862	0.9873548959703696	9	60	467	E2A-related factors{1.2.1}	E2A (TCF-3, ITF-1){1.2.1.0.1}	11633	6929	TFE2_HUMAN	P15923
TFE3_HUMAN.H11DI.0.B	TFE3	12	B	0	ndGTCAYGTGAb	HOCOMOCOv11	ChIP-Seq	0.5027748119196961	0.999881513453685	2	30	437	bHLH-ZIP factors{1.2.6}	TFE3-like factors{1.2.6.1}	11752	7030	TFE3_HUMAN	P19532
TGIF1_HUMAN.H11DI.0.A	TGIF1	11	A	0	nTGACAGSnvn	HOCOMOCOv11	ChIP-Seq	0.811551323458988	0.9812157894605577	2	5	142	TALE-type homeo domain factors{3.1.4}	TGIF{3.1.4.6}	11776	7050	TGIF1_HUMAN	Q15583
THA11_HUMAN.H11DI.0.B	THAP11	25	B	0	SCdnKGSMTbCTGGGAvdTGTAGTY	HOCOMOCOv11	ChIP-Seq	0.9499606739632185	0.7397591055474046	2	2	107	THAP-related factors{2.9.1}	THAP11 (HRIHFB2206){2.9.1.0.11}	23194	57215	THA11_HUMAN	Q96EK4
THAP1_HUMAN.H11DI.0.C	THAP1	25	C	0	nKvvGCCRbvKbdvnbvhKRRvRvn	HOCOMOCOv11	ChIP-Seq	0.962642332924761		4		500	THAP-related factors{2.9.1}	THAP1{2.9.1.0.1}	20856	55145	THAP1_HUMAN	Q9NVV9
TWST1_HUMAN.H11DI.0.A	TWIST1	20	A	0	nvCAKCTGKhhbbvAKhWdn	HOCOMOCOv11	ChIP-Seq	0.9965113338449822	0.5681611168200671	9	8	225	Tal-related factors{1.2.3}	Twist-like factors{1.2.3.2}	12428	7291	TWST1_HUMAN	Q15672
TYY1_HUMAN.H11DI.0.A	YY1	22	A	0	nvAAvATGGCSSCbvbvvbvbn	HOCOMOCOv10	ChIP-Seq	0.9925561849156436	0.9970235754875757	69	72	505	More than 3 adjacent zinc finger factors{2.3.3}	YY1-like factors{2.3.3.9}	12856	7528	TYY1_HUMAN	P25490
USF1_HUMAN.H11DI.0.A	USF1	23	A	0	vvbnvvnbbnvGTCACGTGvbbn	HOCOMOCOv10	ChIP-Seq	0.9988706042105429	0.9854235180231473	59	7	500	bHLH-ZIP factors{1.2.6}	USF factors{1.2.6.2}	12593	7391	USF1_HUMAN	P22415
USF2_HUMAN.H11DI.0.A	USF2	23	A	0	ndGTCACGTGvbbnvnnbnvnbb	HOCOMOCOv10	ChIP-Seq	0.9977690662833252	0.9988323524979044	23	10	517	bHLH-ZIP factors{1.2.6}	USF factors{1.2.6.2}	12594	7392	USF2_HUMAN	Q15853
VDR_HUMAN.H11DI.0.A	VDR	18	A	0	nvRGGKSAbhRRGKKYRn	HOCOMOCOv11	ChIP-Seq	0.9501997071019334	0.9388842714493221	48	30	419	Thyroid hormone receptor-related factors (NR1){2.1.2}	Vitamin D receptor (NR1I){2.1.2.4}	12679	7421	VDR_HUMAN	P11473
VEZF1_HUMAN.H11DI.0.C	VEZF1	25	C	0	dddvdRvRvdRdRGGMGGRRvvddn	HOCOMOCOv11	ChIP-Seq	0.9073133483258778		5		498	Factors with multiple dispersed zinc fingers{2.3.4}	MAZ-like factors{2.3.4.8}	12949	7716	VEZF1_HUMAN	Q14119
Z324A_HUMAN.H11DI.0.C	ZNF324	27	C	0	hnnndnYhvhdSCWKYYddbbMYbbhd	HOCOMOCOv11	ChIP-Seq	0.9860843926684647		3		373	More than 3 adjacent zinc finger factors{2.3.3}	ZNF324 factors{2.3.3.36}	14096	25799	Z324A_HUMAN	O75467
Z354A_HUMAN.H11DI.0.C	ZNF354A	27	C	0	RTTYMRWYCRWTTACATTTRRTGWdRW	HOCOMOCOv11	ChIP-Seq	0.8601129729165925		3		335	More than 3 adjacent zinc finger factors{2.3.3}	ZNF354A-like factors{2.3.3.64}	11628	6940	Z354A_HUMAN	O60765
ZBT7A_HUMAN.H11DI.0.A	ZBTB7A	11	A	0	vvGGGGTCbbv	HOCOMOCOv11	ChIP-Seq	0.9339896734984279		12		368	More than 3 adjacent zinc finger factors{2.3.3}	ZBTB7 factors{2.3.3.8}	18078	51341	ZBT7A_HUMAN	O95365
ZBT17_HUMAN.H11DI.0.A	ZBTB17	23	A	0	ndvnvdddvhGRRGGMdGRRMdv	HOCOMOCOv11	ChIP-Seq	0.9605466921820026	0.9116366838733263	21	25	500	Factors with multiple dispersed zinc fingers{2.3.4}	unclassified{2.3.4.0}	12936	7709	ZBT17_HUMAN	Q13105
ZBT18_HUMAN.H11DI.0.C	ZBTB18	16	C	0	bKCCAGMYGWKbvbvn	HOCOMOCOv11	ChIP-Seq	0.9093709914834361		4		321	More than 3 adjacent zinc finger factors{2.3.3}	ZNF238-like factors{2.3.3.16}	13030	10472	ZBT18_HUMAN	Q99592
ZBT48_HUMAN.H11DI.0.C	ZBTB48	14	C	0	bYhAGGGAbYvdvn	HOCOMOCOv11	ChIP-Seq	0.8897570122118005		2		512	More than 3 adjacent zinc finger factors{2.3.3}	unclassified{2.3.3.0}	4930	3104	ZBT48_HUMAN	P10074
ZBTB6_HUMAN.H11DI.0.C	ZBTB6	16	C	0	vRRhSMTRGAGChdbn	HOCOMOCOv11	ChIP-Seq	0.8902031750805668		2		543	More than 3 adjacent zinc finger factors{2.3.3}	ZBTB6-like factors{2.3.3.11}	16764	10773	ZBTB6_HUMAN	Q15916
ZEB1_HUMAN.H11DI.0.A	ZEB1	11	A	0	bvCAGGTGhRb	HOCOMOCOv11	ChIP-Seq	0.950598242141399		12		644	HD-ZF factors{3.1.8}	ZEB{3.1.8.3}	11642	6935	ZEB1_HUMAN	P37275
ZF64A_HUMAN.H11DI.0.C	ZFP64	21	C	0	vvSdRCCCvGGRvbSdGbvbn	HOCOMOCOv11	ChIP-Seq	0.8168216519057638		2		500	More than 3 adjacent zinc finger factors{2.3.3}	unclassified{2.3.3.0}	15940	55734	ZF64A_HUMAN	Q9NPA5
ZFP28_HUMAN.H11DI.0.C	ZFP28	23	C	0	dbddYTWYYYhdddWbTCWRTTY	HOCOMOCOv11	ChIP-Seq	0.9963632597276562		3		369	More than 3 adjacent zinc finger factors{2.3.3}	unclassified{2.3.3.0}	17801	140612	ZFP28_HUMAN	Q8NHY6
ZFP42_HUMAN.H11DI.0.A	ZFP42	15	A	0	bRvhKCCATTYbdbd	HOCOMOCOv11	ChIP-Seq	0.938489378124547	0.8396799203523108	3	2	343	More than 3 adjacent zinc finger factors{2.3.3}	YY1-like factors{2.3.3.9}	30949	132625	ZFP42_HUMAN	Q96MM3
ZFP82_HUMAN.H11DI.0.C	ZFP82	27	C	0	WYYMnYYbvhbWhbWYTbYhTTYRRYY	HOCOMOCOv11	ChIP-Seq	0.9380456288113237		3		504	More than 3 adjacent zinc finger factors{2.3.3}	ZFP30-like factors{2.3.3.63}	28682	284406	ZFP82_HUMAN	Q8N141
ZFX_HUMAN.H11DI.0.A	ZFX	12	A	0	nShAGGCCbvRv	HOCOMOCOv11	ChIP-Seq	0.8397808389007937	0.9931823022170573	10	4	500	More than 3 adjacent zinc finger factors{2.3.3}	ZFX/ZFY factors{2.3.3.65}	12869	7543	ZFX_HUMAN	P17010
ZIM3_HUMAN.H11DI.0.C	ZIM3	22	C	0	dKnddnbdRGbTTTCTGTTdhh	HOCOMOCOv11	ChIP-Seq	0.9892468779769213		3		471	More than 3 adjacent zinc finger factors{2.3.3}	unclassified{2.3.3.0}	16366	114026	ZIM3_HUMAN	Q96PE6
ZN121_HUMAN.H11DI.0.C	ZNF121	23	C	0	CCTGGGCAACAKAGYRAGACCCY	HOCOMOCOv11	ChIP-Seq	0.8380958912920502		2		358	More than 3 adjacent zinc finger factors{2.3.3}	unclassified{2.3.3.0}	12904	7675	ZN121_HUMAN	P58317
ZN134_HUMAN.H11DI.0.C	ZNF134	25	C	0	hYYvAKYMGdYGMdKShbdbhndnn	HOCOMOCOv11	ChIP-Seq	0.9211878156203521		4		390	Factors with multiple dispersed zinc fingers{2.3.4}	ZNF134-like factors{2.3.4.24}	12918	7693	ZN134_HUMAN	P52741
ZN136_HUMAN.H11DI.0.C	ZNF136	27	C	0	TGCTGGRTAYAGWATTCTWGGYTGRCA	HOCOMOCOv11	ChIP-Seq	0.9723908485648464		3		100	More than 3 adjacent zinc finger factors{2.3.3}	ZNF763-like factors{2.3.3.33}	12920	7695	ZN136_HUMAN	P52737
ZN140_HUMAN.H11DI.0.C	ZNF140	27	C	0	YRAYYCAGCAATTCCACTCCYRRRYRY	HOCOMOCOv11	ChIP-Seq	0.9804833517669898		4		249	More than 3 adjacent zinc finger factors{2.3.3}	ZNF302-like factors{2.3.3.44}	12925	7699	ZN140_HUMAN	P52738
ZN143_HUMAN.H11DI.0.A	ZNF143	25	A	0	SYvvdGSMYbMTGGGARdTGTAGTY	HOCOMOCOv11	ChIP-Seq	0.9934485537250237	0.9865660381226524	28	9	386	More than 3 adjacent zinc finger factors{2.3.3}	ZNF76-like factors{2.3.3.28}	12928	7702	ZN143_HUMAN	P52747
ZN214_HUMAN.H11DI.0.C	ZNF214	27	C	0	dnhhvWTbYKRWKSvnbTYRRKdhhbn	HOCOMOCOv11	ChIP-Seq	0.8761406359379215		2		267	More than 3 adjacent zinc finger factors{2.3.3}	ZNF214-like factors{2.3.3.56}	13006	7761	ZN214_HUMAN	Q9UL59
ZN250_HUMAN.H11DI.0.C	ZNF250	23	C	0	ARTACCATRCTGTTTTGRTTACT	HOCOMOCOv11	ChIP-Seq	0.891802765315262		4		358	More than 3 adjacent zinc finger factors{2.3.3}	unclassified{2.3.3.0}	13044	58500	ZN250_HUMAN	P15622
ZN257_HUMAN.H11DI.0.C	ZNF257	18	C	0	nKhYSTTKCCWYhnnnnb	HOCOMOCOv11	ChIP-Seq	0.9467193031296186		4		516	More than 3 adjacent zinc finger factors{2.3.3}	unclassified{2.3.3.0}	13498	113835	ZN257_HUMAN	Q9Y2Q1
ZN260_HUMAN.H11DI.0.C	ZNF260	27	C	0	YCYTTTdYATRGCTGYATASTATTCCA	HOCOMOCOv11	ChIP-Seq	0.9365021117109237		4		277	More than 3 adjacent zinc finger factors{2.3.3}	ZNF146-like factors{2.3.3.55}	13499	339324	ZN260_HUMAN	Q3ZCT1
ZN263_HUMAN.H11DI.0.A	ZNF263	23	A	0	dRGGAGGASKvvSRRRRRSvvRv	HOCOMOCOv11	ChIP-Seq	0.9856805666006414		9		467	More than 3 adjacent zinc finger factors{2.3.3}	unclassified{2.3.3.0}	13056	10127	ZN263_HUMAN	O14978
ZN264_HUMAN.H11DI.0.C	ZNF264	27	C	0	hRWGGRCWCKAATSbhRYbvdnddRKv	HOCOMOCOv11	ChIP-Seq	0.8505118003040267		2		376	More than 3 adjacent zinc finger factors{2.3.3}	ZNF460-like factors{2.3.3.54}	13057	9422	ZN264_HUMAN	O43296
ZN274_HUMAN.H11DI.0.A	ZNF274	23	A	0	CATMAGAGAAYTCATACWGGWGA	HOCOMOCOv11	ChIP-Seq	0.95535884933482		26		129	More than 3 adjacent zinc finger factors{2.3.3}	unclassified{2.3.3.0}	13068	10782	ZN274_HUMAN	Q96GC6
ZN281_HUMAN.H11DI.0.A	ZNF281	18	A	0	vvdndGGGGGhRGGGvvd	HOCOMOCOv11	ChIP-Seq	0.9859496373400908	0.9784563886739958	7	3	561	More than 3 adjacent zinc finger factors{2.3.3}	ZNF148-like factors{2.3.3.13}	13075	23528	ZN281_HUMAN	Q9Y2X9
ZN317_HUMAN.H11DI.0.C	ZNF317	23	C	0	dWWRRhWRACWRCWGAYTYYYYR	HOCOMOCOv11	ChIP-Seq	0.9063331194264205		2		434	More than 3 adjacent zinc finger factors{2.3.3}	unclassified{2.3.3.0}	13507	57693	ZN317_HUMAN	Q96PQ6
ZN320_HUMAN.H11DI.0.C	ZNF320	23	C	0	vdKKKGGdYMhRGGGGCMddYKh	HOCOMOCOv11	ChIP-Seq	0.984578258284134		3		458	More than 3 adjacent zinc finger factors{2.3.3}	unclassified{2.3.3.0}	13842	162967	ZN320_HUMAN	A2RRD8
ZN322_HUMAN.H11DI.0.B	ZNF322	22	B	0	nSdKYCTRSYMCdSdGCMKSnv	HOCOMOCOv11	ChIP-Seq	0.905044290060938	0.6992300398521434	4	2	426	More than 3 adjacent zinc finger factors{2.3.3}	ZNF322-like factors{2.3.3.52}	23640	79692	ZN322_HUMAN	Q6U7Q0
ZN329_HUMAN.H11DI.0.C	ZNF329	23	C	0	SCTKGATCMARCYdYdCCTGAAR	HOCOMOCOv11	ChIP-Seq	0.8571633069806781		4		305	More than 3 adjacent zinc finger factors{2.3.3}	unclassified{2.3.3.0}	14209	79673	ZN329_HUMAN	Q86UD4
ZN331_HUMAN.H11DI.0.C	ZNF331	23	C	0	GRYWGGGCTCAGCTGGRYGGTTY	HOCOMOCOv11	ChIP-Seq	0.979521603300295		3		388	More than 3 adjacent zinc finger factors{2.3.3}	unclassified{2.3.3.0}	15489	55422	ZN331_HUMAN	Q9NQX6
ZN335_HUMAN.H11DI.0.A	ZNF335	25	A	0	bRSbYKbYYnnvvhdvYGCCTGWhn	HOCOMOCOv11	ChIP-Seq	0.9280833734357126	0.9756624649221641	2	4	118	Factors with multiple dispersed zinc fingers{2.3.4}	unclassified{2.3.4.0}	15807	63925	ZN335_HUMAN	Q9H4Z2
ZN382_HUMAN.H11DI.0.C	ZNF382	25	C	0	TCTGTRGKRTCKGTWGTRATRTCYC	HOCOMOCOv11	ChIP-Seq	0.9219245264328502		2		302	Factors with multiple dispersed zinc fingers{2.3.4}	ZNF37A-like factors{2.3.4.25}	17409	84911	ZN382_HUMAN	Q96SR6
ZN394_HUMAN.H11DI.0.C	ZNF394	23	C	0	dvvMMdRvARbhdvWdRSMAdvh	HOCOMOCOv11	ChIP-Seq	0.9117125496101645		3		390	More than 3 adjacent zinc finger factors{2.3.3}	unclassified{2.3.3.0}	18832	84124	ZN394_HUMAN	Q53GI3
ZN436_HUMAN.H11DI.0.C	ZNF436	27	C	0	RKCMdGGARGRCTTCCTGGAGGAGGhG	HOCOMOCOv11	ChIP-Seq	0.983795717183079		4		485	More than 3 adjacent zinc finger factors{2.3.3}	ZNF180-like factors{2.3.3.58}	20814	80818	ZN436_HUMAN	Q9C0F3
ZN449_HUMAN.H11DI.0.C	ZNF449	13	C	0	ndGGTTGGGCTbn	HOCOMOCOv11	ChIP-Seq	0.9414102088294938		2		392	More than 3 adjacent zinc finger factors{2.3.3}	unclassified{2.3.3.0}	21039	203523	ZN449_HUMAN	Q6P9G9
ZN467_HUMAN.H11DI.0.C	ZNF467	25	C	0	vRGGGAGGRRvvRRRRRRRRRvRvv	HOCOMOCOv11	ChIP-Seq	0.9680196477539256		3		503	Factors with multiple dispersed zinc fingers{2.3.4}	unclassified{2.3.4.0}	23154	168544	ZN467_HUMAN	Q7Z7K2
ZN490_HUMAN.H11DI.0.C	ZNF490	27	C	0	GTYTCTTGWAGRCAGCAKAYMRWTGGR	HOCOMOCOv11	ChIP-Seq	0.9955872247977802		4		421	More than 3 adjacent zinc finger factors{2.3.3}	ZNF763-like factors{2.3.3.33}	23705	57474	ZN490_HUMAN	Q9ULM2
ZN502_HUMAN.H11DI.0.C	ZNF502	23	C	0	bGMWTGGAMTvGAATGGWATCMW	HOCOMOCOv11	ChIP-Seq	0.9673136607000368		3		189	More than 3 adjacent zinc finger factors{2.3.3}	unclassified{2.3.3.0}	23718	91392	ZN502_HUMAN	Q8TBZ5
ZN528_HUMAN.H11DI.0.C	ZNF528	23	C	0	nhhvRGGGAAGYCATTYCTbdbb	HOCOMOCOv11	ChIP-Seq	0.804586711698633		2		312	More than 3 adjacent zinc finger factors{2.3.3}	unclassified{2.3.3.0}	29384	84436	ZN528_HUMAN	Q3MIS6
ZN547_HUMAN.H11DI.0.C	ZNF547	23	C	0	nhSYWRAYKChRCWvvMdhvChn	HOCOMOCOv11	ChIP-Seq	0.9531640766182568		4		485	More than 3 adjacent zinc finger factors{2.3.3}	unclassified{2.3.3.0}	26432	284306	ZN547_HUMAN	Q8IVP9
ZN549_HUMAN.H11DI.0.C	ZNF549	23	C	0	dYYAKvRRhhGGRSAGShhhnnd	HOCOMOCOv11	ChIP-Seq	0.9733292451326881		3		317	More than 3 adjacent zinc finger factors{2.3.3}	unclassified{2.3.3.0}	26632	256051	ZN549_HUMAN	Q6P9A3
ZN554_HUMAN.H11DI.0.C	ZNF554	23	C	0	ndRChGRGYCRndbRRdbdvYdn	HOCOMOCOv11	ChIP-Seq	0.8796155696653398		2		507	More than 3 adjacent zinc finger factors{2.3.3}	unclassified{2.3.3.0}	26629	115196	ZN554_HUMAN	Q86TJ5
ZN563_HUMAN.H11DI.0.C	ZNF563	25	C	0	dGdbTCYhbnShRKMvvYdbnnnbb	HOCOMOCOv11	ChIP-Seq	0.9563852049850413		4		509	More than 3 adjacent zinc finger factors{2.3.3}	ZNF763-like factors{2.3.3.33}	30498	147837	ZN563_HUMAN	Q8TA94
ZN582_HUMAN.H11DI.0.C	ZNF582	27	C	0	WSKMWTGSWnTbGAATGSAAKYAWCRn	HOCOMOCOv11	ChIP-Seq	0.8701000084230291		3		228	More than 3 adjacent zinc finger factors{2.3.3}	ZNF620-like factors{2.3.3.35}	26421	147948	ZN582_HUMAN	Q96NG8
ZN586_HUMAN.H11DI.0.C	ZNF586	23	C	0	GAGGCCTAGGAGGAAAAAATGGT	HOCOMOCOv11	ChIP-Seq	0.9994533286669794		4		481	More than 3 adjacent zinc finger factors{2.3.3}	unclassified{2.3.3.0}	25949	54807	ZN586_HUMAN	Q9NXT0
ZN667_HUMAN.H11DI.0.C	ZNF667	23	C	0	ndSdKbCYdbhvRAKYYSMbYhn	HOCOMOCOv11	ChIP-Seq	0.8786232761792657		3		510	More than 3 adjacent zinc finger factors{2.3.3}	unclassified{2.3.3.0}	28854	63934	ZN667_HUMAN	Q5HYK9
ZN680_HUMAN.H11DI.0.C	ZNF680	23	C	0	TTGTCCYRYGWCCARGAAGAATR	HOCOMOCOv11	ChIP-Seq	0.9887694178642246		3		422	More than 3 adjacent zinc finger factors{2.3.3}	unclassified{2.3.3.0}	26897	340252	ZN680_HUMAN	Q8NEM1
ZN708_HUMAN.H11DI.0.C	ZNF708	23	C	0	vvnvhvddRRdnAGGYACAGCYv	HOCOMOCOv11	ChIP-Seq	0.8561619077264785		3		312	More than 3 adjacent zinc finger factors{2.3.3}	unclassified{2.3.3.0}	12945	7562	ZN708_HUMAN	P17019
ZN768_HUMAN.H11DI.0.C	ZNF768	23	C	0	RGCWCAGAGAGGKYRRGbvRYTK	HOCOMOCOv11	ChIP-Seq	0.8786306212542119		4		340	More than 3 adjacent zinc finger factors{2.3.3}	unclassified{2.3.3.0}	26273	79724	ZN768_HUMAN	Q9H5H4
ZN770_HUMAN.H11DI.0.C	ZNF770	25	C	0	dGGAGGCYGRRRbvRSRRvvbbvbb	HOCOMOCOv11	ChIP-Seq	0.9814501030069827		3		476	Factors with multiple dispersed zinc fingers{2.3.4}	unclassified{2.3.4.0}	26061	54989	ZN770_HUMAN	Q6IQ21
ZN816_HUMAN.H11DI.0.C	ZNF816	27	C	0	nvddhdMRdvvdGGGGACWKGhhdRRd	HOCOMOCOv11	ChIP-Seq	0.968371887591274		4		475	More than 3 adjacent zinc finger factors{2.3.3}	ZNF816A-like factors{2.3.3.73}	26995	125893	ZN816_HUMAN	Q0VGE8
ZNF8_HUMAN.H11DI.0.C	ZNF8	25	C	0	TGTGGTAYATCCATWCAATGGAATA	HOCOMOCOv11	ChIP-Seq	0.989130070433614		3		400	Factors with multiple dispersed zinc fingers{2.3.4}	unclassified{2.3.4.0}	13154	7554	ZNF8_HUMAN	P17098
ZNF18_HUMAN.H11DI.0.C	ZNF18	13	C	0	nRGTGTGAAYhbn	HOCOMOCOv11	ChIP-Seq	0.9596940939467271		4		532	More than 3 adjacent zinc finger factors{2.3.3}	unclassified{2.3.3.0}	12969	7566	ZNF18_HUMAN	P17022
ZNF41_HUMAN.H11DI.0.C	ZNF41	27	C	0	vRMRRGRRARhvvRvSACMAWSRKbnR	HOCOMOCOv11	ChIP-Seq	0.9193599228514766		4		335	More than 3 adjacent zinc finger factors{2.3.3}	ZFN81-like factors{2.3.3.68}	13107	7592	ZNF41_HUMAN	P51814
ZNF76_HUMAN.H11DI.0.C	ZNF76	25	C	0	SCvvdGSMTbMTGGGAvdTGTAGTY	HOCOMOCOv11	ChIP-Seq	0.9789781364210244		4		328	More than 3 adjacent zinc finger factors{2.3.3}	ZNF76-like factors{2.3.3.28}	13149	7629	ZNF76_HUMAN	P36508
ZNF85_HUMAN.H11DI.0.C	ZNF85	23	C	0	YAAYAGAMRWYTGMAGWAATCTY	HOCOMOCOv11	ChIP-Seq	0.9083560091298238		4		199	More than 3 adjacent zinc finger factors{2.3.3}	unclassified{2.3.3.0}	13160	7639	ZNF85_HUMAN	Q03923
ZSC22_HUMAN.H11DI.0.C	ZSCAN22	23	C	0	nbdRdShGAbGGMGGAGGSvvnv	HOCOMOCOv11	ChIP-Seq	0.9315276347317293		2		428	More than 3 adjacent zinc finger factors{2.3.3}	unclassified{2.3.3.0}	4929	342945	ZSC22_HUMAN	P10073
ZSC31_HUMAN.H11DI.0.C	ZSCAN31	23	C	0	vbhRKSvGMWGGGChvKdRKRvh	HOCOMOCOv11	ChIP-Seq	0.9142121759901488		4		270	More than 3 adjacent zinc finger factors{2.3.3}	ZNF24-like factors{2.3.3.10}	14097	64288	ZSC31_HUMAN	Q96LW9